,operation1,sum1,operation2,sign,sum2,totalSum,showCorrectAns,suggestedAnswer,mathResponse,mathResponseCorrect,solveMathRT,trueFalseRT,setSize,setNumber,trialPerSet,lettersShown,lettersRecall,correctCount,percentCorrectMath,totalMathErrorsInSet
1,(5x2),10,2,-,-2,8,0,32,False,1,2.5232931879218086,0.7146037329457613,7,0,0,J,,,,
2,(8÷4),2,9,+,9,11,1,11,True,1,3.015028258229904,0.970110196429232,7,0,1,Q,,,,
3,(1x7),7,9,+,9,16,1,16,True,1,4.9273763895043885,1.2031266172534743,7,0,2,Y,,,,
4,(6÷3),2,0,-,0,2,1,2,True,1,3.335567365043971,0.7383840227421388,7,0,3,T,,,,
5,(1x6),6,7,+,7,13,1,13,True,1,7.6778162823975435,0.8025499170780677,7,0,4,S,,,,
6,(5÷5),1,0,-,0,1,0,3,False,1,2.4264626290541855,0.6420081713022228,7,0,5,F,,,,
7,(8÷1),8,9,+,9,17,0,24,False,1,8.086799341682308,1.9866210932104877,7,0,6,K,"['J', 'Q', 'S', 'T', 'F', 'K']",3,100.0,0.0
8,(9÷9),1,2,+,2,3,1,3,True,1,3.8577504505592515,0.5381808068423197,6,1,0,N,,,,
9,(5÷1),5,4,-,-4,1,1,1,True,1,3.8755535697491723,0.610236724400238,6,1,1,Y,,,,
10,(5x3),15,5,+,5,20,0,18,False,1,2.5295587481205075,0.9377141687782569,6,1,2,K,,,,
11,(1x8),8,6,+,6,14,0,18,False,1,4.699696756367302,1.6105389408912743,6,1,3,J,,,,
12,(2x2),4,5,+,5,9,1,9,True,1,7.4734171954469275,0.842394692367634,6,1,4,H,,,,
13,(4x2),8,1,+,1,9,1,9,True,1,4.187661429037689,0.538461295351226,6,1,5,T,"['N', 'Y', 'K', 'J', 'H', 'T']",6,100.0,0.0
14,(2x5),10,9,-,-9,1,0,11,False,1,4.703067359117995,0.8101487853273284,4,2,0,R,,,,
15,(9÷3),3,1,-,-1,2,1,2,True,1,3.033991651714132,0.6103990916908515,4,2,1,Q,,,,
16,(3x3),9,6,+,6,15,0,14,False,1,2.145870616576758,0.9619424500788227,4,2,2,H,,,,
17,(7÷7),1,3,+,3,4,0,0,False,1,5.629054342871314,0.6103481296950122,4,2,3,N,"['R', 'Q', 'H', 'N']",4,100.0,0.0
18,(3÷1),3,1,+,1,4,0,24,False,1,6.05881685996701,0.5621878577712778,5,3,0,J,,,,
19,(6÷2),3,1,-,-1,2,1,2,True,1,3.7713627553930564,0.6022190986604983,5,3,1,R,,,,
20,(7÷1),7,5,+,5,12,1,12,True,1,3.82597623827769,0.9456223644947386,5,3,2,L,,,,
21,(2x3),6,3,-,-3,3,0,1,False,1,3.213240005719854,0.5871335575657213,5,3,3,N,,,,
22,(6x2),12,7,-,-7,5,0,1,False,1,10.221288840744819,0.5226271264782554,5,3,4,P,"['J', 'R', 'L', '*', 'P']",4,100.0,0.0
23,(4÷2),2,8,+,8,10,0,19,False,1,4.935367941664481,0.6583057387942972,3,4,0,P,,,,
24,(8÷8),1,5,+,5,6,1,6,True,1,1.5864129786377816,0.5941647328754698,3,4,1,L,,,,
25,(2x4),8,3,-,-3,5,1,5,True,1,13.329722537607267,0.6662273663550877,3,4,2,J,"['P', 'L', 'J']",3,100.0,0.0
