,operation,response,responseCorrect,solveMathRT,suggestedAnswer,suggestAnswerCorrect,trueFalseRT,trial,maxMathDisp
1,(1x2) + 1 = ?,True,1,4.812729194030908,3,True,1.0591694401373388,0,11.004911233342241
2,(1÷1) - 1 = ?,False,1,3.1200920430192127,2,False,1.3718822402397564,1,11.004911233342241
3,(7x3) - 3 = ?,True,1,5.6440198702312045,18,True,0.9948270243039588,2,11.004911233342241
4,(4x3) + 4 = ?,True,1,3.2164148651454525,16,True,0.8902503530616741,3,11.004911233342241
5,(3÷3) + 2 = ?,False,1,3.871729559437881,1,False,1.0026419901832924,4,11.004911233342241
6,(2x6) - 4  = ?,False,1,3.709651283367748,6,False,1.2751367312876027,5,11.004911233342241
7,(8x9) - 8 = ?,True,1,13.275271042989516,64,True,1.3634138874349446,6,11.004911233342241
8,(4x5) - 5 = ?,False,1,4.579914475048099,11,False,0.8515701630503827,7,11.004911233342241
9,(4x2) + 6 = ?,True,1,3.4536713511160997,14,True,0.8421102738584523,8,11.004911233342241
10,(4÷4) + 7 = ?,False,1,2.3260353358282373,12,False,0.7857526887028143,9,11.004911233342241
11,(8x2) - 8 = ? ,False,1,4.391980406292532,2,False,0.8587183108329555,10,11.004911233342241
12,(2x9) - 9 = ?,True,1,5.019442013885964,9,True,1.2268820921026418,11,11.004911233342241
13,(8÷2) + 9 = ?,False,1,2.3905594674934036,7,False,0.7792757043953316,12,11.004911233342241
14,(3x8) - 1 = ?,True,1,4.093526768519951,23,True,0.6268094057695635,13,11.004911233342241
15,(6÷3) + 1 = ?,True,1,2.9905108782604657,3,True,0.9064443939678313,14,11.004911233342241
