trialNumber,checkTrial,gainValue,lossValue,safeValue,choiceProbability,type_e0i1d2,choiceMade,choiceKey,outcomeValue,location,riskSplitLocation,gainLocation,lossLocation,safeLocation,hideGainLocation,hideLossLocation,instructionStart,instructionEnd,choiceStart,choiceEnd,isiStart,isiEnd,outcomeStart,outcomeEnd,itiStart,itiEnd,bestRho,bestMu
,,,,,,,,,,,,,,,,,0.002802514757604513,7.049687946658196,,,,,,,,,,
,,,,,,,,,,,,,,,,,7.053025364852601,9.177656285431567,,,,,,,,,,
1,,18.23,0,9.45,,,1,n,18.23,2,"[0.35, 0]","[0.35, 0.1]","[0.35, -0.1]","[-0.35, 0]","[0.35, 0.15]","[0.35, -0.15]",,,9.226406373330974,11.321626296074555,11.324343084062093,12.324039287354026,12.32817194972722,13.32803605106983,13.330896638799913,16.330484202176194,,
2,,53.27,0,35.16,,,0,v,35.16,2,"[0.35, 0]","[0.35, 0.1]","[0.35, -0.1]","[-0.35, 0]","[0.35, 0.15]","[0.35, -0.15]",,,16.348588747749545,17.94544538019636,17.948206019204463,18.94795239438463,18.951108087629564,19.950896338558323,19.953549522814228,23.45338597036016,,
3,,8.27,0,1.15,,,1,n,0,2,"[0.35, 0]","[0.35, 0.1]","[0.35, -0.1]","[-0.35, 0]","[0.35, 0.15]","[0.35, -0.15]",,,23.46983444857142,25.393377626814527,25.396107846646373,26.395777581304174,26.40019705305349,27.400278829280523,27.403281241481636,30.403195119657994,,
4,,45.88,0,40.41,,,0,v,40.41,2,"[0.35, 0]","[0.35, 0.1]","[0.35, -0.1]","[-0.35, 0]","[0.35, 0.15]","[0.35, -0.15]",,,30.416530965536367,31.6892242635995,31.691903521434597,32.69165542737392,32.694990870296806,33.69466100000909,33.697387664352846,37.197110336278456,,
5,,21.56,0,11.96,,,0,n,11.96,1,"[-0.35, 0]","[-0.35, 0.1]","[-0.35, -0.1]","[0.35, 0]","[-0.35, 0.15]","[-0.35, -0.15]",,,37.21241947807039,38.74509480906636,38.74790601501718,39.747523997569715,39.75070260396069,40.75052798998786,40.75305001623701,43.752948487298,,
,,,,,,,,,,,,,,,,,43.75621677100071,47.4248993994388,,,,,,,,,,
1,1,16.11,7,6.99,,,1,v,7,1,"[-0.35, 0]","[-0.35, 0.1]","[-0.35, -0.1]","[0.35, 0]","[-0.35, 0.15]","[-0.35, -0.15]",,,47.44877647752264,50.15288361939247,50.155635962261385,51.155335325986925,51.15948339547549,52.15927717716386,52.16192522571464,55.16175732766351,,
2,0,13.94,0,5.03,,,1,n,13.94,2,"[0.35, 0]","[0.35, 0.1]","[0.35, -0.1]","[-0.35, 0]","[0.35, 0.15]","[0.35, -0.15]",,,55.17675437660864,58.46475049559558,58.46737484089226,59.467197856593884,59.471061882085905,60.47065537127628,60.47315250910833,63.973077448803,,
3,0,14.72,0,4.64,,,1,n,0,2,"[0.35, 0]","[0.35, 0.1]","[0.35, -0.1]","[-0.35, 0]","[0.35, 0.15]","[0.35, -0.15]",,,63.98811518833418,66.20851436693783,66.21112449028124,67.21101348004095,67.21478743316675,68.21450101884511,68.21746906132739,71.21746906132739,,
4,0,10.24,0,6.88,,,0,n,6.88,1,"[-0.35, 0]","[-0.35, 0.1]","[-0.35, -0.1]","[0.35, 0]","[-0.35, 0.15]","[-0.35, -0.15]",,,71.23342885744796,74.09639481404429,74.09921392107935,75.09886666840521,75.10232734352121,76.10235736764298,76.10498171293966,79.10480512369577,,
5,0,12.36,0,5.82,,,,,,1,"[-0.35, 0]","[-0.35, 0.1]","[-0.35, -0.1]","[0.35, 0]","[-0.35, 0.15]","[-0.35, -0.15]",,,79.12047020935506,,83.12358560706798,84.12321188576016,84.12660224122192,85.12620086611696,85.12898402321662,88.12862728924074,,
6,0,15.96,0,10.02,,,0,n,10.02,1,"[-0.35, 0]","[-0.35, 0.1]","[-0.35, -0.1]","[0.35, 0]","[-0.35, 0.15]","[-0.35, -0.15]",,,88.14426788153742,89.80811425600632,89.81078837813675,90.81055806151653,90.8136722740669,91.81359444838199,91.81617573276662,94.81599953857676,,
7,1,6.79,0,9.92,,,0,v,9.92,2,"[0.35, 0]","[0.35, 0.1]","[0.35, -0.1]","[-0.35, 0]","[0.35, 0.15]","[0.35, -0.15]",,,94.83117870752494,96.78406532932922,96.78674103167623,97.78648069093424,97.78953011458952,98.78943135103054,98.792105868215,102.29184868790662,,
8,1,19.86,0,0.00,,,1,v,19.86,1,"[-0.35, 0]","[-0.35, 0.1]","[-0.35, -0.1]","[0.35, 0]","[-0.35, 0.15]","[-0.35, -0.15]",,,102.30701402995646,104.0478343521786,104.05059578129521,105.05028210823093,105.05479599794262,106.05475293703103,106.05742587399845,109.55720029802887,,
9,0,10.39,0,6.81,,,0,n,6.81,1,"[-0.35, 0]","[-0.35, 0.1]","[-0.35, -0.1]","[0.35, 0]","[-0.35, 0.15]","[-0.35, -0.15]",,,109.57132467216434,112.40769320720074,112.41035903319198,113.4101346423854,113.41328243454564,114.41309912937959,114.41575784439465,117.41557848977118,,
10,0,13.45,0,5.27,,,1,v,0,1,"[-0.35, 0]","[-0.35, 0.1]","[-0.35, -0.1]","[0.35, 0]","[-0.35, 0.15]","[-0.35, -0.15]",,,117.4317642569149,120.4875174712738,120.4900406826855,121.48997826411596,121.49413225941817,122.49397818826583,122.4964907332128,125.4964148827994,,
11,0,15.47,0,10.27,,,0,n,10.27,1,"[-0.35, 0]","[-0.35, 0.1]","[-0.35, -0.1]","[0.35, 0]","[-0.35, 0.15]","[-0.35, -0.15]",,,125.51260736586528,126.6954771820624,126.69824019139605,127.69787397611844,127.70110117418017,128.70083609278754,128.703227751138,131.7027943766402,,
12,0,10.55,0,6.73,,,0,n,6.73,1,"[-0.35, 0]","[-0.35, 0.1]","[-0.35, -0.1]","[0.35, 0]","[-0.35, 0.15]","[-0.35, -0.15]",,,131.72003217321708,133.25534330608252,133.257837678535,134.25774563089772,134.26104749421074,135.26072512995324,135.2633032539038,138.76314878769745,,
13,1,10.35,0,0.00,,,1,v,0,1,"[-0.35, 0]","[-0.35, 0.1]","[-0.35, -0.1]","[0.35, 0]","[-0.35, 0.15]","[-0.35, -0.15]",,,138.7786803450249,139.9912104382811,139.99398766956756,140.99359222027624,140.99792991579852,141.9975941196967,142.00031722855238,145.00003555488138,,
14,0,17.28,0,9.36,,,0,v,9.36,2,"[0.35, 0]","[0.35, 0.1]","[0.35, -0.1]","[-0.35, 0]","[0.35, 0.15]","[0.35, -0.15]",,,145.01380635547457,148.5030035973641,148.50569352166394,149.50543910673514,149.50875045134944,150.50845376561756,150.51107179004612,154.01085213989063,,
15,1,0.00,0,10.25,,,0,n,10.25,1,"[-0.35, 0]","[-0.35, 0.1]","[-0.35, -0.1]","[0.35, 0]","[-0.35, 0.15]","[-0.35, -0.15]",,,154.02620078710606,155.6708088103419,155.6733513794111,156.67329251632964,156.67700049539826,157.67678163535084,157.679525287027,161.17925072433218,,
16,0,17.00,0,9.50,,,0,n,9.50,1,"[-0.35, 0]","[-0.35, 0.1]","[-0.35, -0.1]","[0.35, 0]","[-0.35, 0.15]","[-0.35, -0.15]",,,161.19574186840146,162.33476738021363,162.33733049210332,163.33719538355444,163.34077852548398,164.3406615894296,164.3434676596753,167.3431053949398,,
17,0,12.68,0,5.66,,,0,n,5.66,1,"[-0.35, 0]","[-0.35, 0.1]","[-0.35, -0.1]","[0.35, 0]","[-0.35, 0.15]","[-0.35, -0.15]",,,167.35936977787696,168.67855542887492,168.68152623673723,169.68156771743224,169.68441210793844,170.684032855871,170.6868006058553,173.68648416741144,,
18,0,17.59,0,9.20,,,0,v,9.20,2,"[0.35, 0]","[0.35, 0.1]","[0.35, -0.1]","[-0.35, 0]","[0.35, 0.15]","[0.35, -0.15]",,,173.7027208965519,175.1265097985306,175.12911794660295,176.12899271440983,176.13192757233674,177.13194416461465,177.13506035243608,180.6349082565548,,
19,1,0.00,0,3.13,,,0,n,3.13,1,"[-0.35, 0]","[-0.35, 0.1]","[-0.35, -0.1]","[0.35, 0]","[-0.35, 0.15]","[-0.35, -0.15]",,,180.649221071561,182.06236879261178,182.06474583395584,183.06431482978314,183.0674800043298,184.06728010688585,184.07003482008076,187.56973615907737,,
20,0,18.77,0,8.61,,,0,v,8.61,2,"[0.35, 0]","[0.35, 0.1]","[0.35, -0.1]","[-0.35, 0]","[0.35, 0.15]","[0.35, -0.15]",,,187.58483513201554,188.79026807590435,188.7929666913974,189.79271978249926,189.79655141354397,190.79614608789643,190.79907422990118,194.29863097904718,,
21,0,17.73,0,3.13,,,1,v,0,1,"[-0.35, 0]","[-0.35, 0.1]","[-0.35, -0.1]","[0.35, 0]","[-0.35, 0.15]","[-0.35, -0.15]",,,194.31281342615557,195.99810057922878,196.00093193294515,197.0005890258676,197.00403113343464,198.00402639278354,198.00688144975447,201.5064678279682,,
22,0,17.94,0,9.03,,,0,v,9.03,2,"[0.35, 0]","[0.35, 0.1]","[0.35, -0.1]","[-0.35, 0]","[0.35, 0.15]","[0.35, -0.15]",,,201.5209955524797,202.78996309403328,202.79274309069933,203.7924712933841,203.79572219470037,204.79537968267687,204.79781084645128,207.79737826206156,,
23,0,18.33,0,8.84,,,0,n,8.84,1,"[-0.35, 0]","[-0.35, 0.1]","[-0.35, -0.1]","[0.35, 0]","[-0.35, 0.15]","[-0.35, -0.15]",,,207.81067934316707,211.64585007375672,211.648517479965,212.64827057106686,212.65123229268147,213.65127416843097,213.65414700284236,217.15371244318158,,
24,0,22.97,0,6.51,,,1,v,22.97,1,"[-0.35, 0]","[-0.35, 0.1]","[-0.35, -0.1]","[0.35, 0]","[-0.35, 0.15]","[-0.35, -0.15]",,,217.17039953415224,218.4296515068554,218.43265115367694,219.43263574656203,219.43685729613844,220.43661710316246,220.43948203648915,223.9390356252011,,
25,0,16.00,0,4.00,,,1,v,0,1,"[-0.35, 0]","[-0.35, 0.1]","[-0.35, -0.1]","[0.35, 0]","[-0.35, 0.15]","[-0.35, -0.15]",,,223.95590404606673,226.30149670248238,226.30420835476525,227.30398159363313,227.30801865288095,228.30799336940981,228.31050828468278,231.81043875513706,,
26,0,28.21,0,3.89,,,1,n,0,2,"[0.35, 0]","[0.35, 0.1]","[0.35, -0.1]","[-0.35, 0]","[0.35, 0.15]","[0.35, -0.15]",,,231.82321046356492,233.2853958719993,233.28795740367195,234.28784046761803,234.2917870594456,235.29183249068274,235.29461722799942,238.29429723406747,,
27,0,25.20,0,5.40,,,1,v,0,1,"[-0.35, 0]","[-0.35, 0.1]","[-0.35, -0.1]","[0.35, 0]","[-0.35, 0.15]","[-0.35, -0.15]",,,238.31013653864557,239.56529456429098,239.56790113214674,240.56772414784837,240.57174105933018,241.5717011588522,241.57434762718594,244.57420224722682,,
28,1,10.68,0,10.68,,,1,v,10.68,1,"[-0.35, 0]","[-0.35, 0.1]","[-0.35, -0.1]","[0.35, 0]","[-0.35, 0.15]","[-0.35, -0.15]",,,244.5867598362579,245.46112429275445,245.46402991666764,246.46359970260346,246.46773868584432,247.46759093555966,247.47032076033747,250.97002565482217,,
29,0,21.32,0,7.34,,,1,n,0,2,"[0.35, 0]","[0.35, 0.1]","[0.35, -0.1]","[-0.35, 0]","[0.35, 0.15]","[0.35, -0.15]",,,250.98592145215616,252.03704423580348,252.0392968350625,253.03898671748675,253.04312096007698,254.04301350532432,254.04595073357632,257.0458962160915,,
30,0,11.20,0,6.40,,,1,v,11.20,1,"[-0.35, 0]","[-0.35, 0.1]","[-0.35, -0.1]","[0.35, 0]","[-0.35, 0.15]","[-0.35, -0.15]",,,257.0612480237414,258.3968857084392,258.39977711039955,259.39937059958993,259.4039129332068,260.4038706624033,260.40684463069965,263.9067762863165,,
31,1,0.00,0,7.55,,,0,v,7.55,2,"[0.35, 0]","[0.35, 0.1]","[0.35, -0.1]","[-0.35, 0]","[0.35, 0.15]","[0.35, -0.15]",,,263.92318644426723,264.9567553879474,264.9593986958471,265.95924027909814,265.9626507823259,266.9622446665703,266.9648682217585,269.9646789907788,,
32,0,20.53,0,7.73,,,1,v,0,1,"[-0.35, 0]","[-0.35, 0.1]","[-0.35, -0.1]","[0.35, 0]","[-0.35, 0.15]","[-0.35, -0.15]",,,269.98050209813346,272.4366811019486,272.4394192228651,273.43911384594,273.44347682493344,274.4430971778115,274.4459463089688,277.44554967451495,,
33,0,11.62,0,6.19,,,0,n,6.19,1,"[-0.35, 0]","[-0.35, 0.1]","[-0.35, -0.1]","[0.35, 0]","[-0.35, 0.15]","[-0.35, -0.15]",,,277.46162996217754,278.77252342474094,278.77548712162707,279.775465393644,279.7788051821635,280.77846978111666,280.7809653387317,283.7809076608128,,
34,0,13.04,0,5.48,,,0,n,5.48,1,"[-0.35, 0]","[-0.35, 0.1]","[-0.35, -0.1]","[0.35, 0]","[-0.35, 0.15]","[-0.35, -0.15]",,,283.7934609042477,285.1724103602187,285.1751753448234,286.1748909057728,286.17842387581413,287.1783262974177,287.1808578049681,290.6807815595007,,
35,0,20.03,0,1.99,,,1,v,0,1,"[-0.35, 0]","[-0.35, 0.1]","[-0.35, -0.1]","[0.35, 0]","[-0.35, 0.15]","[-0.35, -0.15]",,,290.6961021578654,292.90826564079,292.91100929246613,293.91069996499846,293.91497998260184,294.9147176665888,294.91770980737965,298.4176323767492,,
36,0,11.43,0,6.29,,,0,n,6.29,1,"[-0.35, 0]","[-0.35, 0.1]","[-0.35, -0.1]","[0.35, 0]","[-0.35, 0.15]","[-0.35, -0.15]",,,298.4313624867559,299.500099948722,299.5028815256046,300.5025804942761,300.50643424835835,301.50606724297177,301.50850077707173,304.50801920595677,,
37,0,15.70,0,10.15,,,0,n,10.15,1,"[-0.35, 0]","[-0.35, 0.1]","[-0.35, -0.1]","[0.35, 0]","[-0.35, 0.15]","[-0.35, -0.15]",,,304.59131046601397,305.30007845777163,305.3028430473223,306.3024562892242,306.3056459571335,307.3054693678896,307.30795109860674,310.80792225964706,,
38,0,16.60,0,9.70,,,0,n,9.70,1,"[-0.35, 0]","[-0.35, 0.1]","[-0.35, -0.1]","[0.35, 0]","[-0.35, 0.15]","[-0.35, -0.15]",,,310.82112102170504,311.5558709405218,311.5585257049943,312.55835978221467,312.56154233914776,313.56136614495836,313.5639754781937,317.06378585216,,
39,0,10.95,0,6.53,,,1,n,10.95,2,"[0.35, 0]","[0.35, 0.1]","[0.35, -0.1]","[-0.35, 0]","[0.35, 0.15]","[0.35, -0.15]",,,317.08107224040805,318.39584592568735,318.39838928486506,319.3982545713702,319.4030031232992,320.4027368567431,320.40540702833096,323.9051569589992,,
40,0,15.09,0,10.46,,,0,n,10.46,1,"[-0.35, 0]","[-0.35, 0.1]","[-0.35, -0.1]","[0.35, 0]","[-0.35, 0.15]","[-0.35, -0.15]",,,323.9188542795041,325.31567282872265,325.31841529523626,326.3181059677686,326.321664221281,327.3215753340778,327.3245781413334,330.3245303397707,,
41,1,14.26,0,0.00,,,1,n,14.26,2,"[0.35, 0]","[0.35, 0.1]","[0.35, -0.1]","[-0.35, 0]","[0.35, 0.15]","[0.35, -0.15]",,,330.3394396866747,331.41948044046967,331.42230981891544,332.42199693595967,332.42571479138405,333.42548961046896,333.4281712386296,336.92791563853825,,
42,0,12.08,0,5.96,,,0,n,5.96,1,"[-0.35, 0]","[-0.35, 0.1]","[-0.35, -0.1]","[0.35, 0]","[-0.35, 0.15]","[-0.35, -0.15]",,,336.9436830432451,338.2753950739898,338.27812292349654,339.27784559542215,339.28095901786355,340.2808250944772,340.2837457304513,343.28328549226535,,
43,0,11.84,0,6.08,,,0,v,6.08,2,"[0.35, 0]","[0.35, 0.1]","[0.35, -0.1]","[-0.35, 0]","[0.35, 0.15]","[0.35, -0.15]",,,343.2967248423538,345.2753227790645,345.27773063463883,346.27773181980183,346.28089817951104,347.28067813430107,347.2834581309671,350.78319028419446,,
44,0,19.28,0,8.36,,,0,n,8.36,1,"[-0.35, 0]","[-0.35, 0.1]","[-0.35, -0.1]","[0.35, 0]","[-0.35, 0.15]","[-0.35, -0.15]",,,350.79902050252485,352.0432181434189,352.04577928003755,353.04561335725793,353.0490483538488,354.0490902295978,354.05177304292147,357.55154351640977,,
45,0,16.26,0,9.87,,,0,n,9.87,1,"[-0.35, 0]","[-0.35, 0.1]","[-0.35, -0.1]","[0.35, 0]","[-0.35, 0.15]","[-0.35, -0.15]",,,357.56634461845306,358.93102590054605,358.9337418984255,359.93347247143583,359.9370279595687,360.9369513190468,360.94021288682734,363.93989605332945,,
46,1,13.10,8,4.68,,,1,v,8,1,"[-0.35, 0]","[-0.35, 0.1]","[-0.35, -0.1]","[0.35, 0]","[-0.35, 0.15]","[-0.35, -0.15]",,,363.9589080384849,365.8508306805443,365.8536608490981,366.8533874715663,366.85742532092263,367.8573415694241,367.860054801924,370.8597743134155,,
47,0,10.12,0,6.94,,,1,n,0,2,"[0.35, 0]","[0.35, 0.1]","[0.35, -0.1]","[-0.35, 0]","[0.35, 0.15]","[0.35, -0.15]",,,370.8773629181551,372.7947606326875,372.797620035255,373.7972083887398,373.801220954625,374.80116959757424,374.80378169618916,377.803614588247,,
48,0,15.27,0,10.37,,,0,v,10.37,2,"[0.35, 0]","[0.35, 0.1]","[0.35, -0.1]","[-0.35, 0]","[0.35, 0.15]","[0.35, -0.15]",,,377.81973359122503,378.9386666445439,378.94149207244664,379.941065413871,379.9450602023153,380.94505901715274,380.94752455064554,384.4474803045714,,
49,0,19.86,0,8.07,,,1,n,19.86,2,"[0.35, 0]","[0.35, 0.1]","[0.35, -0.1]","[-0.35, 0]","[0.35, 0.15]","[0.35, -0.15]",,,384.46129337596767,385.810454162252,385.81297302806706,386.81297302806706,386.8171685040643,387.81693818744407,387.8198402558687,391.31938831382195,,
50,0,10.73,0,6.63,,,1,v,0,1,"[-0.35, 0]","[-0.35, 0.1]","[-0.35, -0.1]","[0.35, 0]","[-0.35, 0.15]","[-0.35, -0.15]",,,391.3361026635348,393.09033942269934,393.09305779090437,394.0928377456944,394.09684004016935,395.09679934958285,395.0993533752253,398.09929056160126,,
,,,,,,,,,,,,,,,,,,,,,,,,,,,55,26
,,,,,,,,,,,,,,,,,404.4238920111343,408.4235459436227,,,,,,,,,,
,,,,,,,,,,,,,,,,,408.44269303732744,415.87393345232385,,,,,,,,,,
1,,21.84,0,9.60,0.453670611837379,2,0,v,9.60,2,"[0.35, 0]","[0.35, 0.1]","[0.35, -0.1]","[-0.35, 0]","[0.35, 0.15]","[0.35, -0.15]",,,415.91791997623386,418.20194738035616,418.2044950851305,419.2043781490761,419.20818370654115,420.20780168909414,420.2098757238382,423.2097753800622,,
2,,8.88,0,4.16,0.349317204476372,1,0,n,4.16,1,"[-0.35, 0]","[-0.35, 0.1]","[-0.35, -0.1]","[0.35, 0]","[-0.35, 0.15]","[-0.35, -0.15]",,,423.2254542926198,424.64972397560496,424.6526260440296,425.65224244636556,425.65555497614287,426.65519666194996,426.6578257478973,429.65768747891434,,
3,,17.08,0,7.39,0.47963563370714,2,1,v,0,1,"[-0.35, 0]","[-0.35, 0.1]","[-0.35, -0.1]","[0.35, 0]","[-0.35, 0.15]","[-0.35, -0.15]",,,429.66860006210254,431.9695646265277,431.9723888692679,432.97207401104106,432.97621220417386,433.976077490679,433.97902933593787,437.4789977315986,,
4,,25.17,0,6.18,0.949444223832741,0,1,n,25.17,2,"[0.35, 0]","[0.35, 0.1]","[0.35, -0.1]","[-0.35, 0]","[0.35, 0.15]","[0.35, -0.15]",,,437.4955619607017,439.6335196409118,439.63628067497393,440.6359373728419,440.6394991818429,441.63942491164653,441.64220609347467,445.14184382873964,,
5,,13.24,0,6.22,0.342691047240572,1,1,n,0,2,"[0.35, 0]","[0.35, 0.1]","[0.35, -0.1]","[-0.35, 0]","[0.35, 0.15]","[0.35, -0.15]",,,445.15762269001925,447.2573351695455,447.25998993401845,448.2598172953167,448.264217014354,449.2643205185641,449.26736480651425,452.26719730351806,,
6,,22.27,0,10.68,0.312030293285826,1,0,n,10.68,1,"[-0.35, 0]","[-0.35, 0.1]","[-0.35, -0.1]","[0.35, 0]","[-0.35, 0.15]","[-0.35, -0.15]",,,452.2769065515008,454.48918934080484,454.4919803989892,455.4916722566845,455.4952972743631,456.49512582082434,456.49767629097823,459.497585823558,,
7,,5.21,0,7.12,5.13041866052406e-05,0,0,v,7.12,2,"[0.35, 0]","[0.35, 0.1]","[0.35, -0.1]","[-0.35, 0]","[0.35, 0.15]","[0.35, -0.15]",,,459.5129091873023,461.0090641244137,461.01172599986285,462.01152017660525,462.01462688312495,463.0145336503251,463.0173014003094,466.01694901193014,,
8,,8.06,0,3.10,0.659574375003126,1,0,n,3.10,1,"[-0.35, 0]","[-0.35, 0.1]","[-0.35, -0.1]","[0.35, 0]","[-0.35, 0.15]","[-0.35, -0.15]",,,466.03140997227547,467.4729249578677,467.4755820926657,468.4753995776082,468.4782246104569,469.4779073819045,469.48050486351303,472.480321558347,,
9,,1.41,0,7.29,8.2291559319957e-07,0,0,v,7.29,2,"[0.35, 0]","[0.35, 0.1]","[0.35, -0.1]","[-0.35, 0]","[0.35, 0.15]","[0.35, -0.15]",,,472.49562516937976,473.8008934546624,473.80356125592516,474.80330723605084,474.80653403905853,475.8062594763637,475.8086811588364,479.30820037782996,,
10,,13.97,0,5.97,0.500127184495888,2,1,n,0,2,"[0.35, 0]","[0.35, 0.1]","[0.35, -0.1]","[-0.35, 0]","[0.35, 0.15]","[0.35, -0.15]",,,479.3218372550368,483.1366500506856,483.13895914270097,484.13864507458266,484.14323125921965,485.1430692869826,485.1458330864248,488.1455367957469,,
11,,14.43,0,7.01,0.290944097206804,1,1,v,0,1,"[-0.35, 0]","[-0.35, 0.1]","[-0.35, -0.1]","[0.35, 0]","[-0.35, 0.15]","[-0.35, -0.15]",,,488.1588979250964,490.41652345950615,490.41913911360916,491.41897319082955,491.4228427470807,492.42244611262686,492.42521149228605,495.4249033499809,,
12,,11.07,0,0.77,0.998050493709045,0,1,v,0,1,"[-0.35, 0]","[-0.35, 0.1]","[-0.35, -0.1]","[0.35, 0]","[-0.35, 0.15]","[-0.35, -0.15]",,,495.43571835477314,497.0084201860077,497.0112325771206,498.0108703123856,498.01476752243343,499.0148461382264,499.01754001306836,502.01729112889916,,
13,,1.04,0,0.68,0.0343799389499024,0,1,v,0,1,"[-0.35, 0]","[-0.35, 0.1]","[-0.35, -0.1]","[0.35, 0]","[-0.35, 0.15]","[-0.35, -0.15]",,,502.0312013836383,503.5922250165727,503.59488886729287,504.59472373462177,504.5985320574664,505.5982025822327,505.60101260302054,509.1006606096953,,
14,,21.29,0,4.81,0.963278538728649,0,1,n,0,2,"[0.35, 0]","[0.35, 0.1]","[0.35, -0.1]","[-0.35, 0]","[0.35, 0.15]","[0.35, -0.15]",,,509.113245457469,510.2320955493983,510.2349170267589,511.2346468096607,511.2382868394002,512.2380987935835,512.2409123698594,515.2405208711107,,
15,,15.16,0,1.52,0.996264119366018,0,1,n,15.16,2,"[0.35, 0]","[0.35, 0.1]","[0.35, -0.1]","[-0.35, 0]","[0.35, 0.15]","[0.35, -0.15]",,,515.2558138156787,517.0720148319165,517.0746269305314,518.0744669335654,518.0783771804031,519.0779540773156,519.080968736198,522.5808798489948,,
16,,9.24,0,6.11,0.0310598642146536,0,0,v,6.11,2,"[0.35, 0]","[0.35, 0.1]","[0.35, -0.1]","[-0.35, 0]","[0.35, 0.15]","[0.35, -0.15]",,,522.596644488322,524.3039890996638,524.3067157640075,525.3063167592281,525.3098690869269,526.3097963969476,526.3127150576506,529.3122769425017,,
17,,20.07,0,2.68,0.992887075319024,0,1,v,20.07,1,"[-0.35, 0]","[-0.35, 0.1]","[-0.35, -0.1]","[0.35, 0]","[-0.35, 0.15]","[-0.35, -0.15]",,,529.3265850168573,531.2957304908391,531.2981849628136,532.2982303940512,532.3021212832314,533.3017120070417,533.3042443047007,536.8041076159348,,
18,,21.25,0,9.14,0.490027648717318,2,1,v,21.25,1,"[-0.35, 0]","[-0.35, 0.1]","[-0.35, -0.1]","[0.35, 0]","[-0.35, 0.15]","[-0.35, -0.15]",,,536.8201827678922,538.7596430763983,538.762242928332,539.762064758871,539.7659915979866,540.766028733085,540.7688853702725,544.2684689831067,,
19,,23.64,0,11.73,0.25990183745318,1,0,n,11.73,1,"[-0.35, 0]","[-0.35, 0.1]","[-0.35, -0.1]","[0.35, 0]","[-0.35, 0.15]","[-0.35, -0.15]",,,544.2846373678644,545.6235062011665,545.6261941501953,546.6259081309277,546.629080811505,547.6289073826947,547.6316664414858,551.1313590892896,,
20,,6.29,0,2.74,0.468896052873306,2,0,n,2.74,1,"[-0.35, 0]","[-0.35, 0.1]","[-0.35, -0.1]","[0.35, 0]","[-0.35, 0.15]","[-0.35, -0.15]",,,551.1466113432716,553.6712485057074,553.6734446122109,554.6732747388892,554.6763478657986,555.6762471269681,555.6792673166101,559.1791966019018,,
21,,23.95,0,9.23,0.6580117921509,1,,,,1,"[-0.35, 0]","[-0.35, 0.1]","[-0.35, -0.1]","[0.35, 0]","[-0.35, 0.15]","[-0.35, -0.15]",,,559.1950631652221,,563.1978103723864,564.1976073145083,564.2003533365096,565.200089045225,565.203169283111,568.7029907185961,,
22,,23.17,0,10.17,0.456327610197957,2,0,v,10.17,2,"[0.35, 0]","[0.35, 0.1]","[0.35, -0.1]","[-0.35, 0]","[0.35, 0.15]","[0.35, -0.15]",,,568.7191839917705,569.9431185107405,569.9456749067081,570.9454884411084,570.9488898580889,571.9484398913128,571.9515620049478,575.4513755393482,,
23,,12.25,0,4.61,0.690043486242473,1,1,n,0,2,"[0.35, 0]","[0.35, 0.1]","[0.35, -0.1]","[-0.35, 0]","[0.35, 0.15]","[0.35, -0.15]",,,575.4646635836634,577.486922519593,577.4898518467603,578.4898237979096,578.4944186737398,579.4943163546927,579.497182473182,582.996722234996,,
24,,25.58,0,9.76,0.671459773483657,1,1,n,25.58,2,"[0.35, 0]","[0.35, 0.1]","[0.35, -0.1]","[-0.35, 0]","[0.35, 0.15]","[0.35, -0.15]",,,583.0084980116922,584.5507759260272,584.5536957718928,585.5536870806995,585.5583100053809,586.5581863534048,586.5606929725382,590.0605997397383,,
25,,26.86,0,10.22,0.674429318086857,1,1,n,0,2,"[0.35, 0]","[0.35, 0.1]","[0.35, -0.1]","[-0.35, 0]","[0.35, 0.15]","[0.35, -0.15]",,,590.0756224672086,592.678679080851,592.6812481185543,593.681035974429,593.6853495716427,594.6850560463449,594.6878980665256,598.1874445442618,,
26,,17.56,0,7.67,0.464651039375402,2,1,v,17.56,1,"[-0.35, 0]","[-0.35, 0.1]","[-0.35, -0.1]","[0.35, 0]","[-0.35, 0.15]","[-0.35, -0.15]",,,598.2027445998065,599.5424517381994,599.545194599767,600.5448876426244,600.5496259231431,601.5493881004927,601.5526607297916,605.0523288842328,,
27,,22.08,0,9.43,0.50140423251302,2,1,n,0,2,"[0.35, 0]","[0.35, 0.1]","[0.35, -0.1]","[-0.35, 0]","[0.35, 0.15]","[0.35, -0.15]",,,605.0663888645272,607.3503301468259,607.3530516754645,608.3527494589734,608.356715803513,609.3567312106279,609.359469726599,612.859188052928,,
28,,29.34,0,11.06,0.686583430895403,1,1,n,0,2,"[0.35, 0]","[0.35, 0.1]","[0.35, -0.1]","[-0.35, 0]","[0.35, 0.15]","[0.35, -0.15]",,,612.8739666368797,614.0301702920797,614.0329076228877,615.03265794861,615.0369241393155,616.0366120464682,616.0392071577508,619.5390428151882,,
29,,17.60,0,11.15,0.0449634362135994,0,0,n,11.15,1,"[-0.35, 0]","[-0.35, 0.1]","[-0.35, -0.1]","[0.35, 0]","[-0.35, 0.15]","[-0.35, -0.15]",,,619.5546830124308,620.7180426800796,620.7206006562642,621.7204975471086,621.7241992053091,622.7239578271701,622.726630764138,626.2263937315956,,
30,,17.61,0,7.71,0.461544258078586,2,1,n,0,2,"[0.35, 0]","[0.35, 0.1]","[0.35, -0.1]","[-0.35, 0]","[0.35, 0.15]","[0.35, -0.15]",,,626.2435402706437,627.5659629960601,627.568616970424,628.5683672961463,628.5724324042449,629.5723269247637,629.5747470270194,632.5742816531283,,
31,,1.38,0,8.46,6.21555983164968e-07,0,0,v,8.46,2,"[0.35, 0]","[0.35, 0.1]","[0.35, -0.1]","[-0.35, 0]","[0.35, 0.15]","[0.35, -0.15]",,,632.5865927283157,634.6538064660899,634.6562949127288,635.6562565924678,635.659402409357,636.6592183140824,636.6619090284908,639.6616605393756,,
32,,11.06,0,0.09,0.999569386719054,0,1,n,11.06,2,"[0.35, 0]","[0.35, 0.1]","[0.35, -0.1]","[-0.35, 0]","[0.35, 0.15]","[0.35, -0.15]",,,639.6765197143918,640.877722812565,640.8802511596818,641.8800931379869,641.8841748383638,642.8841025434385,642.8870140931649,645.8865605709011,,
33,,26.24,0,11.06,0.523284901096995,2,0,v,11.06,2,"[0.35, 0]","[0.35, 0.1]","[0.35, -0.1]","[-0.35, 0]","[0.35, 0.15]","[0.35, -0.15]",,,645.90206802992,647.9175162308034,647.9202464506352,648.9199825544051,648.9232267397992,649.9229671891658,649.9255982503842,652.9254042787538,,
34,,15.37,0,3.85,0.945192660887378,0,1,v,0,1,"[-0.35, 0]","[-0.35, 0.1]","[-0.35, -0.1]","[0.35, 0]","[-0.35, 0.15]","[-0.35, -0.15]",,,652.9417630796534,654.4054109788735,654.408045200526,655.4078575497633,655.4117717471436,656.4113624709539,656.4142250339551,659.4137715116908,,
35,,22.55,0,9.47,0.529067714931217,2,1,v,0,1,"[-0.35, 0]","[-0.35, 0.1]","[-0.35, -0.1]","[0.35, 0]","[-0.35, 0.15]","[-0.35, -0.15]",,,659.4285429846664,661.9652289062769,661.9676343915257,662.9672468433191,662.9708402566589,663.9707177898454,663.9736376357114,667.4736293395722,,
36,,2.56,0,9.48,1.59403578387302e-06,0,0,v,9.48,2,"[0.35, 0]","[0.35, 0.1]","[0.35, -0.1]","[-0.35, 0]","[0.35, 0.15]","[0.35, -0.15]",,,667.483742332985,669.3251675622546,669.3279135842563,670.3276018864631,670.3312241387621,671.331040438542,671.3337339183299,674.3335399466996,,
37,,19.27,0,8.38,0.47197089416176,2,1,n,19.27,2,"[0.35, 0]","[0.35, 0.1]","[0.35, -0.1]","[-0.35, 0]","[0.35, 0.15]","[0.35, -0.15]",,,674.3482154214953,677.4690226121147,677.4717773253092,678.4714304676891,678.4759123580079,679.4759005063806,679.4786769475581,682.4783506327585,,
38,,26.02,0,9.62,0.710643657786568,1,0,v,9.62,2,"[0.35, 0]","[0.35, 0.1]","[0.35, -0.1]","[-0.35, 0]","[0.35, 0.15]","[0.35, -0.15]",,,682.4927005828631,682.6608163084711,682.6634655421844,683.6633209523338,683.6665714585956,684.6663462776805,684.6689232164686,687.6687979842754,,
39,,25.58,0,11.09,0.476112608664191,2,1,n,0,2,"[0.35, 0]","[0.35, 0.1]","[0.35, -0.1]","[-0.35, 0]","[0.35, 0.15]","[0.35, -0.15]",,,687.6848399516771,691.2927351896142,691.2952473395076,692.2951679336056,692.2990710694671,693.2986926075082,693.3014034696826,696.8010708340148,,
40,,13.52,0,6.56,0.294685418068533,1,0,v,6.56,2,"[0.35, 0]","[0.35, 0.1]","[0.35, -0.1]","[-0.35, 0]","[0.35, 0.15]","[0.35, -0.15]",,,696.8161796833087,698.7086008838155,698.7113113509354,699.7110589112781,699.7147696557263,700.7145314380214,700.7173608164667,704.2169689226635,,
41,,24.46,0,4.70,0.979381712752539,0,0,n,4.70,1,"[-0.35, 0]","[-0.35, 0.1]","[-0.35, -0.1]","[0.35, 0]","[-0.35, 0.15]","[-0.35, -0.15]",,,704.2318762942969,705.7404244778768,705.7430634401799,706.7428797399598,706.7462914283506,707.7458529181472,707.7488976011518,711.2488351825823,,
42,,18.46,0,3.67,0.976816742235917,0,1,v,0,1,"[-0.35, 0]","[-0.35, 0.1]","[-0.35, -0.1]","[0.35, 0]","[-0.35, 0.15]","[-0.35, -0.15]",,,711.2653926957632,712.8042766991484,712.8071728417594,713.8067584298651,713.8108053654687,714.810738996357,714.8133949459925,718.3131993941452,,
43,,23.50,0,11.73,0.252370263374407,1,0,v,11.73,2,"[0.35, 0]","[0.35, 0.1]","[0.35, -0.1]","[-0.35, 0]","[0.35, 0.15]","[0.35, -0.15]",,,718.330193442258,719.6921397638685,719.6946724565819,720.6946455928937,720.6976705231864,721.6976416842272,721.7001246001064,725.2000641568084,,
44,,16.90,0,6.41,0.679390380691585,1,1,v,16.90,1,"[-0.35, 0]","[-0.35, 0.1]","[-0.35, -0.1]","[0.35, 0]","[-0.35, 0.15]","[-0.35, -0.15]",,,725.2148553824954,727.5319792454306,727.5348050683879,728.5344858645644,728.5387864249883,729.5384901343109,729.5410406044648,732.5409501370445,,
45,,9.64,0,4.20,0.469337804999457,2,1,v,9.64,1,"[-0.35, 0]","[-0.35, 0.1]","[-0.35, -0.1]","[0.35, 0]","[-0.35, 0.15]","[-0.35, -0.15]",,,732.5549804882712,735.3878780767814,735.3905691862437,736.3903226724001,736.3949594239793,737.3947840198985,737.3975738929198,740.8972456028491,,
46,,25.59,0,9.14,0.749975127827356,1,0,n,9.14,1,"[-0.35, 0]","[-0.35, 0.1]","[-0.35, -0.1]","[0.35, 0]","[-0.35, 0.15]","[-0.35, -0.15]",,,740.9122185534852,742.5077580751063,742.5105092328126,743.5102141272978,743.5136985056679,744.5136653211121,744.516078707446,747.515613728609,,
47,,2.36,0,4.35,1.32168574237785e-05,0,0,v,4.35,2,"[0.35, 0]","[0.35, 0.1]","[0.35, -0.1]","[-0.35, 0]","[0.35, 0.15]","[0.35, -0.15]",,,747.5303148819303,751.0115596820287,751.0143057040304,752.014023635305,752.0174021391399,753.017001949198,753.0194817046436,756.5194512854673,,
48,,3.51,0,6.31,1.47243952326613e-05,0,0,n,6.31,1,"[-0.35, 0]","[-0.35, 0.1]","[-0.35, -0.1]","[0.35, 0]","[-0.35, 0.15]","[-0.35, -0.15]",,,756.5349188440082,757.9474577864798,757.949977047349,758.9499249001897,758.9530272611128,759.9529217816316,759.9555966938701,763.4552932922161,,
49,,18.56,0,0.13,0.999583168106615,0,1,n,18.56,2,"[0.35, 0]","[0.35, 0.1]","[0.35, -0.1]","[-0.35, 0]","[0.35, 0.15]","[0.35, -0.15]",,,763.4702409593815,765.2993918535076,765.301884645743,766.3017590184959,766.3058411139268,767.3057743497607,767.3084255587451,770.8081829954435,,
50,,10.74,0,7.25,0.025554597355792,0,0,v,7.25,2,"[0.35, 0]","[0.35, 0.1]","[0.35, -0.1]","[-0.35, 0]","[0.35, 0.15]","[0.35, -0.15]",,,770.8246934971703,772.2991729934606,772.3018708188447,773.3016345764113,773.3049490814597,774.3045876068327,774.3071692862713,777.3070827693937,,
51,,24.75,0,11.68,0.336854779404798,1,0,v,11.68,2,"[0.35, 0]","[0.35, 0.1]","[0.35, -0.1]","[-0.35, 0]","[0.35, 0.15]","[0.35, -0.15]",,,777.323854401971,778.6270379860453,778.6294264839621,779.6290448615691,779.6323735885703,780.632018434811,780.6346329037515,783.6344093030534,,
52,,22.80,0,9.47,0.546464667708788,2,0,v,9.47,2,"[0.35, 0]","[0.35, 0.1]","[0.35, -0.1]","[-0.35, 0]","[0.35, 0.15]","[0.35, -0.15]",,,783.6503335442926,785.554931501546,785.5578308045915,786.557870310015,786.56104931146,787.560850599179,787.5636183491633,790.5633188980519,,
53,,7.36,0,5.00,0.0239235949142531,0,1,n,7.36,2,"[0.35, 0]","[0.35, 0.1]","[0.35, -0.1]","[-0.35, 0]","[0.35, 0.15]","[0.35, -0.15]",,,790.5802789715003,792.4748816615033,792.4776296587761,793.477246061112,793.4813459339834,794.4812021342414,794.4842077068761,797.4841606954219,,
54,,20.62,0,2.62,0.99372032751228,0,1,n,0,2,"[0.35, 0]","[0.35, 0.1]","[0.35, -0.1]","[-0.35, 0]","[0.35, 0.15]","[0.35, -0.15]",,,797.5016845112668,799.0186698681864,799.0212523377336,800.0211152539132,800.0252423855272,801.0251017462188,801.0280634678338,804.0280547766406,,
55,,7.39,0,3.14,0.510400144522314,2,1,v,0,1,"[-0.35, 0]","[-0.35, 0.1]","[-0.35, -0.1]","[0.35, 0]","[-0.35, 0.15]","[-0.35, -0.15]",,,804.0409600134003,805.506580418426,805.5092181955661,806.5089894591629,806.5128507192753,807.5124876644318,807.5153620790602,811.0149097419585,,
56,,5.00,0,0.93,0.981361189097918,0,1,v,0,1,"[-0.35, 0]","[-0.35, 0.1]","[-0.35, -0.1]","[0.35, 0]","[-0.35, 0.15]","[-0.35, -0.15]",,,811.0296148458224,814.5623312624593,814.5651934304065,815.5648256349118,815.5687508938104,816.568293421004,816.5711757367171,819.5707542138462,,
57,,15.16,0,0.31,0.999379802347357,0,1,v,0,1,"[-0.35, 0]","[-0.35, 0.1]","[-0.35, -0.1]","[0.35, 0]","[-0.35, 0.15]","[-0.35, -0.15]",,,819.5872346914512,821.1942600199582,821.1969424382273,822.1967030353599,822.2003730892216,823.2001791175912,823.2029508181181,826.7026051456605,,
58,,28.29,0,10.14,0.746726337751617,1,0,v,10.14,2,"[0.35, 0]","[0.35, 0.1]","[0.35, -0.1]","[-0.35, 0]","[0.35, 0.15]","[0.35, -0.15]",,,826.7156510217292,829.7541510323954,829.757052310712,830.7570167558306,830.7604722952415,831.7605200968042,831.7633467098699,835.2629552111212,,
59,,2.41,0,1.51,0.0480722234900815,0,0,n,1.51,1,"[-0.35, 0]","[-0.35, 0.1]","[-0.35, -0.1]","[0.35, 0]","[-0.35, 0.15]","[-0.35, -0.15]",,,835.2778159663544,837.4820187113492,837.484847299686,838.4848911507061,838.4881961744532,839.487867884382,839.4906877815256,842.9903207761395,,
60,,24.06,0,11.86,0.27062414027773,1,0,n,11.86,1,"[-0.35, 0]","[-0.35, 0.1]","[-0.35, -0.1]","[0.35, 0]","[-0.35, 0.15]","[-0.35, -0.15]",,,843.0071192724049,844.4417911285041,844.44444431276,845.4442934020412,845.44806854033,846.4477675090016,846.4507699212027,849.4506960460603,,
61,,29.01,0,0.95,0.999151906208108,0,1,v,0,1,"[-0.35, 0]","[-0.35, 0.1]","[-0.35, -0.1]","[0.35, 0]","[-0.35, 0.15]","[-0.35, -0.15]",,,849.465832944205,851.1296394181959,851.1322258382856,852.1321120626653,852.1365884222246,853.1366022491229,853.1392301499077,856.1390496101212,,
62,,26.07,0,9.80,0.68987905330894,1,1,n,0,2,"[0.35, 0]","[0.35, 0.1]","[0.35, -0.1]","[-0.35, 0]","[0.35, 0.15]","[0.35, -0.15]",,,856.1542753954691,857.3535470734778,857.3564621786927,858.3565178813401,858.3601065540288,859.359996728951,859.3630769668371,862.8630635349928,,
63,,23.82,0,5.51,0.959982661397375,0,1,v,23.82,1,"[-0.35, 0]","[-0.35, 0.1]","[-0.35, -0.1]","[0.35, 0]","[-0.35, 0.15]","[-0.35, -0.15]",,,862.8773147215384,864.2094170658693,864.2119884738977,865.21187864882,865.2162333316742,866.2158730422102,866.2183863772661,869.2183010455506,,
64,,24.37,0,10.68,0.45870957217016,2,1,v,24.37,1,"[-0.35, 0]","[-0.35, 0.1]","[-0.35, -0.1]","[0.35, 0]","[-0.35, 0.15]","[-0.35, -0.15]",,,869.2338373435291,870.9452502234035,870.9479816283979,871.9478172858353,871.9523149783236,872.9522553251336,872.9551996643622,875.9551830720843,,
65,,22.04,0,9.38,0.507352346256154,2,1,n,0,2,"[0.35, 0]","[0.35, 0.1]","[0.35, -0.1]","[-0.35, 0]","[0.35, 0.15]","[0.35, -0.15]",,,875.9680385320103,876.8891766200582,876.8919100003241,877.8916318821412,877.8954970927962,878.8951206061083,878.8977990738349,882.3975663868896,,
66,,19.86,0,9.51,0.313424598126356,1,0,n,9.51,1,"[-0.35, 0]","[-0.35, 0.1]","[-0.35, -0.1]","[0.35, 0]","[-0.35, 0.15]","[-0.35, -0.15]",,,882.4138821268775,883.4890182823201,883.4917599587247,884.4915249014539,884.4947493341365,885.4945059807264,885.4973005943989,888.996939514826,,
67,,26.38,0,11.26,0.503013491948099,2,1,n,26.38,2,"[0.35, 0]","[0.35, 0.1]","[0.35, -0.1]","[-0.35, 0]","[0.35, 0.15]","[0.35, -0.15]",,,889.0126476613978,890.3449092125861,890.3476086181872,891.3474225476416,891.3513509669742,892.3513557076253,892.3540566934435,895.8538093894913,,
68,,7.55,0,3.22,0.505389181606726,2,0,v,3.22,2,"[0.35, 0]","[0.35, 0.1]","[0.35, -0.1]","[-0.35, 0]","[0.35, 0.15]","[0.35, -0.15]",,,895.8697269148083,898.680752325487,898.6835335073156,899.6832123282206,899.6864549333982,900.6861969629813,900.6888260489286,904.188658940986,,
69,,6.90,0,5.20,0.0085853605885066,0,0,v,5.20,2,"[0.35, 0]","[0.35, 0.1]","[0.35, -0.1]","[-0.35, 0]","[0.35, 0.15]","[0.35, -0.15]",,,904.2045981942861,905.2246910478343,905.2273639848017,906.2270902122154,906.2304868885453,907.2300965749591,907.2328232393029,910.7325115415097,,
70,,0.39,0,5.52,2.51216960257648e-07,0,0,v,5.52,2,"[0.35, 0]","[0.35, 0.1]","[0.35, -0.1]","[-0.35, 0]","[0.35, 0.15]","[0.35, -0.15]",,,910.7453342119343,911.6405753095846,911.6433142206097,912.6430037079795,912.646483740753,913.6464564820108,913.6493767229304,917.1488900161103,,
71,,18.72,0,8.22,0.455413331554951,2,0,n,8.22,1,"[-0.35, 0]","[-0.35, 0.1]","[-0.35, -0.1]","[0.35, 0]","[-0.35, 0.15]","[-0.35, -0.15]",,,917.1648502072853,919.0084039887838,919.0111310481816,920.0108651766805,920.0139805743934,921.0138308488376,921.0165330198183,924.0162596422865,,
72,,17.72,0,0.55,0.999181187876993,0,1,v,17.72,1,"[-0.35, 0]","[-0.35, 0.1]","[-0.35, -0.1]","[0.35, 0]","[-0.35, 0.15]","[-0.35, -0.15]",,,924.0326385909525,925.6241983361897,925.6269941350251,926.6267191772758,926.6303773795107,927.6302209380328,927.6330258231155,931.13266355838,,
73,,20.45,0,8.88,0.47315483906502,2,1,v,0,1,"[-0.35, 0]","[-0.35, 0.1]","[-0.35, -0.1]","[0.35, 0]","[-0.35, 0.15]","[-0.35, -0.15]",,,931.1477372478471,932.4081562107663,932.4108117653473,933.4106256948016,933.4149144035987,934.4145857184735,934.4175474400881,937.9175213665085,,
74,,23.32,0,11.61,0.255694672975632,1,0,n,11.61,1,"[-0.35, 0]","[-0.35, 0.1]","[-0.35, -0.1]","[0.35, 0]","[-0.35, 0.15]","[-0.35, -0.15]",,,937.9330521337274,939.2159891881556,939.218721778313,940.218481585337,940.2217265608397,941.2214425168431,941.2243034996277,944.2238578784481,,
75,,27.89,0,10.16,0.728052840721706,1,0,n,10.16,1,"[-0.35, 0]","[-0.35, 0.1]","[-0.35, -0.1]","[0.35, 0]","[-0.35, 0.15]","[-0.35, -0.15]",,,944.2406954850835,945.7358722679037,945.7386171047424,946.7383516282953,946.741821784713,947.7418174391164,947.7442821825011,951.2442762566875,,
76,,15.83,0,7.52,0.325539197733421,1,1,n,15.83,2,"[0.35, 0]","[0.35, 0.1]","[0.35, -0.1]","[-0.35, 0]","[0.35, 0.15]","[0.35, -0.15]",,,951.2611355913054,953.8077832005556,953.8104924825129,954.810194216564,954.8142672257477,955.8141708325138,955.8171254431522,958.8171076657118,,
77,,11.01,0,4.59,0.542155348503506,2,0,v,4.59,2,"[0.35, 0]","[0.35, 0.1]","[0.35, -0.1]","[-0.35, 0]","[0.35, 0.15]","[0.35, -0.15]",,,958.8304529928914,960.311662238109,960.3143201630155,961.3140602173276,961.3176552108839,962.3175493363487,962.3202744204755,965.3199789199061,,
78,,6.37,0,0.87,0.992598493552313,0,1,v,6.37,1,"[-0.35, 0]","[-0.35, 0.1]","[-0.35, -0.1]","[0.35, 0]","[-0.35, 0.15]","[-0.35, -0.15]",,,965.3362756972906,968.7114855698542,968.7142086787098,969.7139088325439,969.7177025383817,970.7174011119987,970.7199357799836,974.2198346460987,,
79,,25.70,0,0.31,0.999512531282723,0,1,n,0,2,"[0.35, 0]","[0.35, 0.1]","[0.35, -0.1]","[-0.35, 0]","[0.35, 0.15]","[0.35, -0.15]",,,974.2361148312052,975.76729725224,975.7698627344548,976.7697647610044,976.7738018202522,977.7737263648928,977.7763325376941,980.7762021697959,,
80,,28.70,0,10.93,0.673505649961877,1,1,v,28.70,1,"[-0.35, 0]","[-0.35, 0.1]","[-0.35, -0.1]","[0.35, 0]","[-0.35, 0.15]","[-0.35, -0.15]",,,980.7913785733645,982.6632474722455,982.6660318145082,983.6656596734169,983.670049121044,984.6696121910577,984.6725110990492,987.672077724551,,
81,,23.48,0,11.09,0.335013305830028,1,0,v,11.09,2,"[0.35, 0]","[0.35, 0.1]","[0.35, -0.1]","[-0.35, 0]","[0.35, 0.15]","[0.35, -0.15]",,,987.6864422916624,988.8551201794498,988.8577480802342,989.8575284300782,989.8607433814591,990.8604937071814,990.8631508419794,993.8629699071389,,
82,,29.30,0,11.19,0.66969384678125,1,0,n,11.19,1,"[-0.35, 0]","[-0.35, 0.1]","[-0.35, -0.1]","[0.35, 0]","[-0.35, 0.15]","[-0.35, -0.15]",,,993.8722821256133,994.8310131797998,994.833775794079,995.8333823200587,995.8369844245917,996.8369022533107,996.8399315291999,999.8398169634711,,
83,,22.23,0,10.48,0.338631078748444,1,0,v,10.48,2,"[0.35, 0]","[0.35, 0.1]","[0.35, -0.1]","[-0.35, 0]","[0.35, 0.15]","[0.35, -0.15]",,,999.8543059726671,1000.8948634257999,1000.8976730515333,1001.8972997252795,1001.900659661565,1002.9002902858533,1002.9030706775734,1005.9026973513196,,
84,,12.87,0,5.40,0.529011115264918,2,1,n,0,2,"[0.35, 0]","[0.35, 0.1]","[0.35, -0.1]","[-0.35, 0]","[0.35, 0.15]","[0.35, -0.15]",,,1005.9168047381227,1007.28671337788,1007.2893199457353,1008.2892037997899,1008.2938409464236,1009.293635123166,1009.2967457802283,1012.7965810426117,,
85,,18.55,0,7.76,0.534955928827214,2,0,v,7.76,2,"[0.35, 0]","[0.35, 0.1]","[0.35, -0.1]","[-0.35, 0]","[0.35, 0.15]","[0.35, -0.15]",,,1012.8127517976945,1014.0627235513166,1014.065599546162,1015.0655952005654,1015.0692763159454,1016.0690242713422,1016.0718512794624,1019.0714743977201,,
86,,18.67,0,1.74,0.996792180304781,0,1,n,0,2,"[0.35, 0]","[0.35, 0.1]","[0.35, -0.1]","[-0.35, 0]","[0.35, 0.15]","[0.35, -0.15]",,,1019.0828282564917,1020.6304196503138,1020.6332221650714,1021.632923109014,1021.6368009614043,1022.6364118329807,1022.6389879816602,1025.6388418115926,,
87,,19.87,0,5.11,0.938922884263122,0,1,n,19.87,2,"[0.35, 0]","[0.35, 0.1]","[0.35, -0.1]","[-0.35, 0]","[0.35, 0.15]","[0.35, -0.15]",,,1025.6523356791654,1027.7663352951727,1027.7690781567403,1028.7687941127438,1028.7730606985033,1029.7728137896052,1029.7754365546848,1032.775225595722,,
88,,16.19,0,6.98,0.486351009624411,2,1,v,0,1,"[-0.35, 0]","[-0.35, 0.1]","[-0.35, -0.1]","[0.35, 0]","[-0.35, 0.15]","[-0.35, -0.15]",,,1032.791158923209,1035.406157236327,1035.408687163661,1036.4086362016642,1036.4132701878643,1037.413136659532,1037.4160209505167,1040.9155654529814,,
89,,11.10,0,4.09,0.714339046691538,1,0,v,4.09,2,"[0.35, 0]","[0.35, 0.1]","[0.35, -0.1]","[-0.35, 0]","[0.35, 0.15]","[0.35, -0.15]",,,1040.9303128276483,1043.0060245771142,1043.0087986479666,1044.0085118385905,1044.0115415095343,1045.011449461897,1045.0138158367763,1048.0134089309122,,
90,,26.61,0,5.58,0.972204898903735,0,1,n,0,2,"[0.35, 0]","[0.35, 0.1]","[0.35, -0.1]","[-0.35, 0]","[0.35, 0.15]","[0.35, -0.15]",,,1048.0301378976324,1049.8619281491156,1049.864580148209,1050.864358522782,1050.8687238721004,1051.8683379041108,1051.871099728282,1055.3707927711398,,
91,,0.74,0,7.62,3.32837283765377e-07,0,0,v,7.62,2,"[0.35, 0]","[0.35, 0.1]","[0.35, -0.1]","[-0.35, 0]","[0.35, 0.15]","[0.35, -0.15]",,,1055.384923861197,1057.5177513670856,1057.5206964964223,1058.5207249403275,1058.5241935165282,1059.5241978621248,1059.527100325604,1063.0266088781332,,
92,,0.14,0,10.11,1.26246443679528e-07,0,0,n,10.11,1,"[-0.35, 0]","[-0.35, 0.1]","[-0.35, -0.1]","[0.35, 0]","[-0.35, 0.15]","[-0.35, -0.15]",,,1063.0412440573969,1066.6935552431996,1066.6964371638583,1067.6960436898385,1067.6990223987855,1068.6990330652498,1068.7020532548913,1072.2019663429596,,
93,,11.92,0,5.25,0.451509729121979,2,1,v,0,1,"[-0.35, 0]","[-0.35, 0.1]","[-0.35, -0.1]","[0.35, 0]","[-0.35, 0.15]","[-0.35, -0.15]",,,1072.217856609534,1073.4854647694583,1073.4878576129718,1074.4874356950468,1074.491505148742,1075.4914127060506,1075.494185196686,1078.4938213517335,,
94,,17.83,0,6.54,0.721265806726417,1,0,n,6.54,1,"[-0.35, 0]","[-0.35, 0.1]","[-0.35, -0.1]","[0.35, 0]","[-0.35, 0.15]","[-0.35, -0.15]",,,1078.5056634975417,1080.3493247337929,1080.352130804038,1081.351768539303,1081.3552556830527,1082.355288867609,1082.357923089261,1085.8576765754174,,
95,,25.01,0,10.48,0.533060162121072,2,0,v,10.48,2,"[0.35, 0]","[0.35, 0.1]","[0.35, -0.1]","[-0.35, 0]","[0.35, 0.15]","[0.35, -0.15]",,,1085.872268298715,1087.54117255258,1087.543845094493,1088.5436388761814,1088.5467688909011,1089.5466132395318,1089.5491684503368,1092.5490696867773,,
96,,11.65,0,4.50,0.653626902352712,1,1,v,11.65,1,"[-0.35, 0]","[-0.35, 0.1]","[-0.35, -0.1]","[0.35, 0]","[-0.35, 0.15]","[-0.35, -0.15]",,,1092.5633137623468,1093.8530429842713,1093.8558865846694,1094.8555547391102,1094.860274847134,1095.8599852723783,1095.862710356505,1098.8624543613596,,
97,,22.61,0,9.94,0.452726912814613,2,1,n,0,2,"[0.35, 0]","[0.35, 0.1]","[0.35, -0.1]","[-0.35, 0]","[0.35, 0.15]","[0.35, -0.15]",,,1098.878026214219,1100.6049291707259,1100.6075791945477,1101.607409321226,1101.611254779169,1102.6109059462774,1102.6138775442482,1106.1137953729672,,
98,,22.38,0,8.09,0.737076555048736,1,0,v,8.09,2,"[0.35, 0]","[0.35, 0.1]","[0.35, -0.1]","[-0.35, 0]","[0.35, 0.15]","[0.35, -0.15]",,,1106.1274045963773,1107.0928033759756,1107.0955418919466,1108.0952657490348,1108.0984048500022,1109.098233396463,1109.100790582539,1112.6006819426243,,
99,,13.29,0,3.70,0.915439891825162,0,1,v,0,1,"[-0.35, 0]","[-0.35, 0.1]","[-0.35, -0.1]","[0.35, 0]","[-0.35, 0.15]","[-0.35, -0.15]",,,1112.6162778937924,1115.1166741331917,1115.1194470188816,1116.119137691414,1116.1231158875803,1117.1230811228074,1117.126042054314,1120.626045609802,,
100,,14.22,0,5.96,0.531675835827183,2,1,n,14.22,2,"[0.35, 0]","[0.35, 0.1]","[0.35, -0.1]","[-0.35, 0]","[0.35, 0.15]","[0.35, -0.15]",,,1120.6376025264512,1122.2765442867653,1122.2788399469364,1123.2784689910081,1123.2819885292051,1124.282002751158,1124.2850446687826,1127.7849083750712,,
101,,12.34,0,10.79,0.001677507861559,0,0,v,10.79,2,"[0.35, 0]","[0.35, 0.1]","[0.35, -0.1]","[-0.35, 0]","[0.35, 0.15]","[0.35, -0.15]",,,1127.8008863436862,1129.3483513201531,1129.3509875170762,1130.3508555689614,1130.3539745221624,1131.353816895522,1131.3564748204285,1134.356276108147,,
102,,26.25,0,3.38,0.99350551425622,0,1,n,0,2,"[0.35, 0]","[0.35, 0.1]","[0.35, -0.1]","[-0.35, 0]","[0.35, 0.15]","[0.35, -0.15]",,,1134.3715560159258,1137.148220794233,1137.150646032194,1138.1502012011233,1138.1539554015371,1139.1536982212288,1139.1564959953353,1142.656125039407,,
103,,25.47,0,9.68,0.676256756037087,1,0,n,9.68,1,"[-0.35, 0]","[-0.35, 0.1]","[-0.35, -0.1]","[0.35, 0]","[-0.35, 0.15]","[-0.35, -0.15]",,,1142.673264072425,1143.9721494664004,1143.974790799029,1144.974605913646,1144.9784387298532,1145.9780934524501,1145.980763624038,1149.48052698655,,
104,,7.68,0,3.25,0.518665983588451,2,1,n,7.68,2,"[0.35, 0]","[0.35, 0.1]","[0.35, -0.1]","[-0.35, 0]","[0.35, 0.15]","[0.35, -0.15]",,,1149.4970631668025,1150.867983145406,1150.8705174183365,1151.8704427530856,1151.8744011965405,1152.8744284552827,1152.8769465309892,1156.3768529031354,,
105,,1.36,0,5.75,1.19953585751979e-06,0,0,n,5.75,1,"[-0.35, 0]","[-0.35, 0.1]","[-0.35, -0.1]","[0.35, 0]","[-0.35, 0.15]","[-0.35, -0.15]",,,1156.393721719055,1158.2917989110729,1158.294501872162,1159.294294863742,1159.297313868221,1160.2972672518213,1160.2999583612836,1163.799747007267,,
106,,21.67,0,0.16,0.999577832691904,0,1,n,21.67,2,"[0.35, 0]","[0.35, 0.1]","[0.35, -0.1]","[-0.35, 0]","[0.35, 0.15]","[0.35, -0.15]",,,1163.8129023133588,1164.739712985196,1164.7423460216855,1165.742167062116,1165.7465533493096,1166.7462215037503,1166.7488497995892,1170.2485855083046,,
107,,0.37,0,3.89,3.28124515460237e-07,0,0,v,3.89,2,"[0.35, 0]","[0.35, 0.1]","[0.35, -0.1]","[-0.35, 0]","[0.35, 0.15]","[0.35, -0.15]",,,1170.261745159993,1171.4996156122274,1171.501908507019,1172.5015561186397,1172.5047406508443,1173.5045561605157,1173.5076569412217,1177.007462179483,,
108,,3.75,0,11.20,2.69420240892307e-06,0,0,v,11.20,2,"[0.35, 0]","[0.35, 0.1]","[0.35, -0.1]","[-0.35, 0]","[0.35, 0.15]","[0.35, -0.15]",,,1177.0205586224934,1177.9955386525016,1177.9984158325096,1178.998429264354,1179.0015454521754,1180.001388615643,1180.004329004329,1183.0039138023262,,
109,,18.89,0,11.34,0.0711905608717006,0,0,v,11.34,2,"[0.35, 0]","[0.35, 0.1]","[0.35, -0.1]","[-0.35, 0]","[0.35, 0.15]","[0.35, -0.15]",,,1183.019275881386,1185.9713534321127,1185.9738000030025,1186.9737581272534,1186.9769438446206,1187.9767388114715,1187.979556733344,1190.979213431212,,
110,,23.07,0,11.09,0.30725687133583,1,0,v,11.09,2,"[0.35, 0]","[0.35, 0.1]","[0.35, -0.1]","[-0.35, 0]","[0.35, 0.15]","[0.35, -0.15]",,,1190.9894500766013,1193.163202831117,1193.1657698935487,1194.16567863602,1194.1693170855428,1195.169144051787,1195.1719781708834,1198.671581141375,,
111,,22.56,0,6.30,0.914265048149284,0,0,v,6.30,2,"[0.35, 0]","[0.35, 0.1]","[0.35, -0.1]","[-0.35, 0]","[0.35, 0.15]","[0.35, -0.15]",,,1198.6886624964745,1200.4269975324914,1200.42989248994,1201.4295768416046,1201.432717522789,1202.432572537884,1202.435509371082,1205.4354489277835,,
112,,11.24,0,5.58,0.261392086400109,1,0,v,5.58,2,"[0.35, 0]","[0.35, 0.1]","[0.35, -0.1]","[-0.35, 0]","[0.35, 0.15]","[0.35, -0.15]",,,1205.450001935766,1208.0108454239685,1208.0131726884788,1209.01285862036,1209.016177075951,1210.0158835506527,1210.018572684844,1213.01829259139,,
113,,29.87,0,10.84,0.732392808874311,1,0,n,10.84,1,"[-0.35, 0]","[-0.35, 0.1]","[-0.35, -0.1]","[0.35, 0]","[-0.35, 0.15]","[-0.35, -0.15]",,,1213.0336519050702,1214.2908369540055,1214.2936742335355,1215.2932274271939,1215.2962879123675,1216.2962401108048,1216.2991702280806,1219.2991848450874,,
114,,4.76,0,10.44,6.97403834091351e-06,0,0,v,10.44,2,"[0.35, 0]","[0.35, 0.1]","[0.35, -0.1]","[-0.35, 0]","[0.35, 0.15]","[0.35, -0.15]",,,1219.3151837515775,1221.2106484499259,1221.2133608923173,1222.2131250449374,1222.216687644047,1223.2166086331995,1223.2195126768956,1226.219088388645,,
115,,18.73,0,8.13,0.475303001790032,2,0,n,8.13,1,"[-0.35, 0]","[-0.35, 0.1]","[-0.35, -0.1]","[0.35, 0]","[-0.35, 0.15]","[-0.35, -0.15]",,,1226.2345148615454,1227.3785338589137,1227.3811724261627,1228.3809879358337,1228.3842155289503,1229.3840590874725,1229.3869267861787,1232.386918885094,,
116,,23.07,0,11.02,0.317759038589373,1,0,n,11.02,1,"[-0.35, 0]","[-0.35, 0.1]","[-0.35, -0.1]","[0.35, 0]","[-0.35, 0.15]","[-0.35, -0.15]",,,1232.4009496313752,1233.2904336036295,1233.2930634796853,1234.292869508055,1234.2960406084153,1235.29586480928,1235.2987463348845,1238.2983287625561,,
117,,26.17,0,11.11,0.510901498161812,2,0,v,11.11,2,"[0.35, 0]","[0.35, 0.1]","[0.35, -0.1]","[-0.35, 0]","[0.35, 0.15]","[0.35, -0.15]",,,1238.314034538802,1240.082279131102,1240.0849007110187,1241.084732812968,1241.0885873571583,1242.088256301708,1242.0906515155466,1245.5902043141505,,
118,,8.56,0,0.66,0.997685573877721,0,1,n,8.56,2,"[0.35, 0]","[0.35, 0.1]","[0.35, -0.1]","[-0.35, 0]","[0.35, 0.15]","[0.35, -0.15]",,,1245.6066002501484,1248.0341133284192,1248.037028828688,1249.036601775058,1249.0404800225024,1250.0401110418452,1250.0427867441922,1253.0425208726906,,
119,,2.97,0,1.13,0.673950915290907,1,0,n,1.13,1,"[-0.35, 0]","[-0.35, 0.1]","[-0.35, -0.1]","[0.35, 0]","[-0.35, 0.15]","[-0.35, -0.15]",,,1253.0546383713022,1254.7061207333159,1254.7086131304968,1255.7084839477616,1255.711640431115,1256.7114828044746,1256.7143094175403,1260.213908832544,,
120,,25.74,0,10.71,0.54327795751586,2,0,v,10.71,2,"[0.35, 0]","[0.35, 0.1]","[0.35, -0.1]","[-0.35, 0]","[0.35, 0.15]","[0.35, -0.15]",,,1260.2282864364452,1262.489920191143,1262.4925208331852,1263.4923485895379,1263.4957685740678,1264.495814400359,1264.49838975893,1267.4982787486897,,
,,,,,,,,,,,,,,,,,7.053025364852601,1291.0333038622875,,,,,,,,,,
,,,,,,,,,,,,,,,,,7.053025364852601,1299.3691615921953,,,,,,,,,,
,,,,,,,,,,,,,,,,,7.053025364852601,1301.409075501976,,,,,,,,,,
,,,,,,,,,,,,,,,,,7.053025364852601,1310.1290357753219,,,,,,,,,,
,,,,,,,,,,,,,,,,,7.053025364852601,1310.320940876973,,,,,,,,,,
,,,,,,,,,,,,,,,,,7.053025364852601,1310.4970762035923,,,,,,,,,,
,,,,,,,,,,,,,,,,,7.053025364852601,1310.6570150966027,,,,,,,,,,
,,,,,,,,,,,,,,,,,7.053025364852601,1313.8409140290873,,,,,,,,,,
,,,,,,,,,,,,,,,,,7.053025364852601,1316.2087976208254,,,,,,,,,,
,,,,,,,,,,,,,,,,,7.053025364852601,1333.1686194197605,,,,,,,,,,
121,,26.18,0,10.96,0.533777094059113,2,0,v,10.96,2,"[0.35, 0]","[0.35, 0.1]","[0.35, -0.1]","[-0.35, 0]","[0.35, 0.15]","[0.35, -0.15]",,,1333.184875901613,1335.2805035203287,1335.2831867287064,1336.28293349894,1336.2860773405582,1337.2859509232026,1337.2884792703194,1340.2883891979532,,
122,,8.53,0,3.20,0.694675188669956,1,1,n,8.53,2,"[0.35, 0]","[0.35, 0.1]","[0.35, -0.1]","[-0.35, 0]","[0.35, 0.15]","[0.35, -0.15]",,,1340.3008962200424,1341.2323677417676,1341.2350102595587,1342.2348502625928,1342.2393009436269,1343.2393309677486,1343.242143753916,1346.2417625265775,,
123,,27.47,0,11.81,0.490947435052372,2,0,v,11.81,2,"[0.35, 0]","[0.35, 0.1]","[0.35, -0.1]","[-0.35, 0]","[0.35, 0.15]","[0.35, -0.15]",,,1346.257319367376,1348.5282767971216,1348.531052843245,1349.5306807021539,1349.5340351076802,1350.533703262121,1350.5365425169225,1354.036118623726,,
124,,10.09,0,8.18,0.0039413431640288,0,0,n,8.18,1,"[-0.35, 0]","[-0.35, 0.1]","[-0.35, -0.1]","[0.35, 0]","[-0.35, 0.15]","[-0.35, -0.15]",,,1354.0500051752106,1355.2961646554459,1355.298887369247,1356.2985812022134,1356.3021165425803,1357.3020541240107,1357.3047539246663,1360.8044746213209,,
125,,9.91,0,4.67,0.339438638219155,1,0,n,4.67,1,"[-0.35, 0]","[-0.35, 0.1]","[-0.35, -0.1]","[0.35, 0]","[-0.35, 0.15]","[-0.35, -0.15]",,,1360.8191631329069,1362.495932126522,1362.498871330045,1363.4984367703846,1363.5020372947006,1364.5019199635922,1364.504630825766,1367.5043641641564,,
126,,0.69,0,1.22,1.52244180177451e-05,0,0,v,1.22,2,"[0.35, 0]","[0.35, 0.1]","[0.35, -0.1]","[-0.35, 0]","[0.35, 0.15]","[0.35, -0.15]",,,1367.51881287782,1369.1918537446008,1369.1946388769716,1370.1943220434737,1370.1979059755117,1371.1977862740778,1371.2002281043165,1374.200249042191,,
127,,8.33,0,3.49,0.531580192311744,2,0,v,3.49,2,"[0.35, 0]","[0.35, 0.1]","[0.35, -0.1]","[-0.35, 0]","[0.35, 0.15]","[0.35, -0.15]",,,1374.2148873818887,1376.0796931060668,1376.0824671769187,1377.0821847131397,1377.085532797798,1378.0851966066425,1378.0879864796639,1381.5875689073355,,
128,,7.72,0,5.19,0.0264583997533683,0,0,n,5.19,1,"[-0.35, 0]","[-0.35, 0.1]","[-0.35, -0.1]","[0.35, 0]","[-0.35, 0.15]","[-0.35, -0.15]",,,1381.6040912606895,1382.5677442956144,1382.5703706161821,1383.5700695848536,1383.5734737672137,1384.5730463185291,1384.5756821203986,1387.5754628652971,,
129,,22.46,0,10.52,0.348479191688193,1,0,n,10.52,1,"[-0.35, 0]","[-0.35, 0.1]","[-0.35, -0.1]","[0.35, 0]","[-0.35, 0.15]","[-0.35, -0.15]",,,1387.5919599351796,1388.487487842206,1388.4899265120112,1389.4899517954823,1389.4932267951067,1390.4929068011747,1390.4960056066097,1393.9958815595796,,
130,,21.92,0,10.63,0.29379930974772,1,0,v,10.63,2,"[0.35, 0]","[0.35, 0.1]","[0.35, -0.1]","[-0.35, 0]","[0.35, 0.15]","[0.35, -0.15]",,,1394.0068075746121,1396.351360448276,1396.354077236264,1397.3537659335252,1397.3572716448243,1398.3572834964516,1398.3600085805783,1401.8597016234362,,
131,,21.20,0,9.17,0.480499966271001,2,0,n,9.17,1,"[-0.35, 0]","[-0.35, 0.1]","[-0.35, -0.1]","[0.35, 0]","[-0.35, 0.15]","[-0.35, -0.15]",,,1401.8743921102932,1403.7272340119575,1403.7295944610237,1404.7296521389421,1404.7328986946618,1405.7326292676726,1405.7352030460265,1408.7350730731823,,
132,,23.32,0,10.03,0.490565502323395,2,0,v,10.03,2,"[0.35, 0]","[0.35, 0.1]","[0.35, -0.1]","[-0.35, 0]","[0.35, 0.15]","[0.35, -0.15]",,,1408.7494167024192,1410.8390197440208,1410.8416389536123,1411.8415342642393,1411.8448116341892,1412.8445078374812,1412.8471080844693,1415.8469571737505,,
133,,14.14,0,6.95,0.273546346799835,1,0,v,6.95,2,"[0.35, 0]","[0.35, 0.1]","[0.35, -0.1]","[-0.35, 0]","[0.35, 0.15]","[0.35, -0.15]",,,1415.860821602198,1417.326911331657,1417.3296676250684,1418.3294132101396,1418.3322279715785,1419.3318815090124,1419.334902488763,1422.3348159718848,,
134,,2.54,0,1.80,0.0161308614662484,0,0,n,1.80,1,"[-0.35, 0]","[-0.35, 0.1]","[-0.35, -0.1]","[0.35, 0]","[-0.35, 0.15]","[-0.35, -0.15]",,,1422.3500204243041,1423.9268063262407,1423.9293145255915,1424.9292675141373,1424.9322023720638,1425.9317717629456,1425.9347437559704,1429.4347271636925,,
135,,7.85,0,5.87,0.0092819485795333,0,0,n,5.87,1,"[-0.35, 0]","[-0.35, 0.1]","[-0.35, -0.1]","[0.35, 0]","[-0.35, 0.15]","[-0.35, -0.15]",,,1429.452416112208,1430.4787219837413,1430.4814727463936,1431.4811377404008,1431.4851550469366,1432.4851424052008,1432.4882040755379,1435.4880547450362,,
136,,27.28,0,11.70,0.494889707339677,2,0,n,11.70,1,"[-0.35, 0]","[-0.35, 0.1]","[-0.35, -0.1]","[0.35, 0]","[-0.35, 0.15]","[-0.35, -0.15]",,,1435.503863630438,1436.3026206317868,1436.3053374197743,1437.3050241417645,1437.3084362252093,1438.3080376154844,1438.3106548498045,1441.8104490265468,,
137,,23.75,0,5.12,0.969315162992636,0,0,n,5.12,1,"[-0.35, 0]","[-0.35, 0.1]","[-0.35, -0.1]","[0.35, 0]","[-0.35, 0.15]","[-0.35, -0.15]",,,1441.822084163935,1443.3824456859684,1443.385205534868,1444.384900552997,1444.387779313222,1445.387380703497,1445.389993987275,1448.889814632651,,
138,,4.04,0,3.70,0.0009500304198555,0,0,n,3.70,1,"[-0.35, 0]","[-0.35, 0.1]","[-0.35, -0.1]","[0.35, 0]","[-0.35, 0.15]","[-0.35, -0.15]",,,1448.9064689341203,1450.2463336991536,1450.249002685579,1451.2487498508672,1451.2519493951327,1452.2517427817666,1452.254353300165,1455.2542209569956,,
139,,10.27,0,11.76,0.0001355528969753,0,0,v,11.76,2,"[0.35, 0]","[0.35, 0.1]","[0.35, -0.1]","[-0.35, 0]","[0.35, 0.15]","[0.35, -0.15]",,,1455.2699002646077,1457.0701691385211,1457.0729475549701,1458.0726413879365,1458.076299985225,1459.0761008778895,1459.0788034439252,1462.578558115244,,
140,,14.96,0,5.64,0.686028971462397,1,1,n,0,2,"[0.35, 0]","[0.35, 0.1]","[0.35, -0.1]","[-0.35, 0]","[0.35, 0.15]","[0.35, -0.15]",,,1462.594368975917,1464.9900592502345,1464.9929119368799,1465.9925326848124,1465.9971295359142,1466.9969782301414,1466.999454430099,1469.9994287515733,,
141,,23.06,0,10.95,0.326799646487738,1,0,v,10.95,2,"[0.35, 0]","[0.35, 0.1]","[0.35, -0.1]","[-0.35, 0]","[0.35, 0.15]","[0.35, -0.15]",,,1470.0149168529351,1472.3659284683195,1472.3687610071988,1473.3683616073654,1473.3717914682506,1474.3718372945423,1474.3742467303337,1477.8737564680255,,
142,,23.37,0,11.21,0.310885061272638,1,0,n,11.21,1,"[-0.35, 0]","[-0.35, 0.1]","[-0.35, -0.1]","[0.35, 0]","[-0.35, 0.15]","[-0.35, -0.15]",,,1477.8890853625294,1479.2777863372862,1479.280450978115,1480.2801949829695,1480.2832621840653,1481.2831835682723,1481.285542042067,1484.7851458026676,,
143,,7.62,0,3.31,0.475084923572308,2,1,n,7.62,2,"[0.35, 0]","[0.35, 0.1]","[0.35, -0.1]","[-0.35, 0]","[0.35, 0.15]","[0.35, -0.15]",,,1484.7978057107462,1486.4936060471746,1486.4960289148098,1487.495590799661,1487.4990830791162,1488.4990447588552,1488.5018986306632,1491.5015260945179,,
144,,14.98,0,6.24,0.540546029442566,2,0,n,6.24,1,"[-0.35, 0]","[-0.35, 0.1]","[-0.35, -0.1]","[0.35, 0]","[-0.35, 0.15]","[-0.35, -0.15]",,,1491.5167400282385,1493.0535353798723,1493.0562059465146,1494.0559847161417,1494.0596397579425,1495.0594442060951,1495.062337188273,1498.0619227763782,,
145,,16.54,0,7.06,0.502179623479051,2,0,n,7.06,1,"[-0.35, 0]","[-0.35, 0.1]","[-0.35, -0.1]","[0.35, 0]","[-0.35, 0.15]","[-0.35, -0.15]",,,1498.0775143819496,1499.1573761761756,1499.1600830878074,1500.1598527711872,1500.1631980904658,1501.1628524180087,1501.1653377042135,1504.1653072850372,,
146,,15.46,0,10.37,0.0270470872167499,0,0,v,10.37,2,"[0.35, 0]","[0.35, 0.1]","[0.35, -0.1]","[-0.35, 0]","[0.35, 0.15]","[0.35, -0.15]",,,1504.181519125761,1505.7093348945878,1505.7120295595382,1506.7117470957592,1506.714836024838,1507.7147171135125,1507.7173825444497,1511.2171387959852,,
147,,12.38,0,5.15,0.542682109100418,2,1,v,0,1,"[-0.35, 0]","[-0.35, 0.1]","[-0.35, -0.1]","[0.35, 0]","[-0.35, 0.15]","[-0.35, -0.15]",,,1511.2329034353124,1512.9731643607356,1512.9758787783976,1513.9755903888044,1513.9799557381239,1514.979599399202,1514.9825737625524,1518.482495936867,,
148,,18.35,0,6.91,0.688584647201283,1,1,v,18.35,1,"[-0.35, 0]","[-0.35, 0.1]","[-0.35, -0.1]","[0.35, 0]","[-0.35, 0.15]","[-0.35, -0.15]",,,1518.4986769633606,1520.052959390795,1520.0554221589082,1521.0554225539627,1521.059723509441,1522.0594319594138,1522.0623518052798,1525.0623644470152,,
149,,1.21,0,0.22,0.982101258251847,0,0,v,0.22,2,"[0.35, 0]","[0.35, 0.1]","[0.35, -0.1]","[-0.35, 0]","[0.35, 0.15]","[0.35, -0.15]",,,1525.0740825457933,1526.0928709302498,1526.0952625886011,1527.094856472845,1527.0983890478328,1528.0983293946429,1528.1010758116981,1531.6007435710853,,
150,,6.05,0,6.01,0.0003464981322482,0,0,n,6.01,1,"[-0.35, 0]","[-0.35, 0.1]","[-0.35, -0.1]","[0.35, 0]","[-0.35, 0.15]","[-0.35, -0.15]",,,1531.6168199082058,1533.092763475498,1533.095158689337,1534.0952412556726,1534.0989026183406,1535.0986715116123,1535.101519852661,1538.601112156688,,
151,,17.26,0,7.32,0.512188564819889,2,0,n,7.32,1,"[-0.35, 0]","[-0.35, 0.1]","[-0.35, -0.1]","[0.35, 0]","[-0.35, 0.15]","[-0.35, -0.15]",,,1538.6177384093062,1540.0285971861076,1540.031228247326,1541.031065484981,1541.0346660092964,1542.0345573693812,1542.0370225078204,1545.536980237017,,
152,,21.49,0,10.58,0.271656870691816,1,0,v,10.58,2,"[0.35, 0]","[0.35, 0.1]","[0.35, -0.1]","[-0.35, 0]","[0.35, 0.15]","[0.35, -0.15]",,,1545.5527938630694,1546.5724241081061,1546.5753431638632,1547.5749457393003,1547.5782618245657,1548.5779220779223,1548.5805950148897,1552.0803603526729,,
153,,20.16,0,8.71,0.482313768234355,2,0,n,8.71,1,"[-0.35, 0]","[-0.35, 0.1]","[-0.35, -0.1]","[0.35, 0]","[-0.35, 0.15]","[-0.35, -0.15]",,,1552.0931877637486,1553.012370333323,1553.0150085055175,1554.0148437679009,1554.0181242982853,1555.0177928477806,1555.0204274644866,1558.0202540356768,,
154,,17.30,0,7.50,0.476955271611682,2,0,v,7.50,2,"[0.35, 0]","[0.35, 0.1]","[0.35, -0.1]","[-0.35, 0]","[0.35, 0.15]","[0.35, -0.15]",,,1558.0358780356955,1561.260248299489,1561.2628485464775,1562.2626510193586,1562.2664621075828,1563.2661511998986,1563.2686325355608,1566.2685851290526,,
155,,18.07,0,8.58,0.327640027277686,1,0,n,8.58,1,"[-0.35, 0]","[-0.35, 0.1]","[-0.35, -0.1]","[0.35, 0]","[-0.35, 0.15]","[-0.35, -0.15]",,,1566.2817989031719,1569.1160779963484,1569.1187947843364,1570.1185391842446,1570.12185526951,1571.121499720697,1571.1240106854275,1574.6239190328442,,
156,,11.39,0,5.46,0.313614555000112,1,1,v,0,1,"[-0.35, 0]","[-0.35, 0.1]","[-0.35, -0.1]","[0.35, 0]","[-0.35, 0.15]","[-0.35, -0.15]",,,1574.6408261690249,1576.3319755319208,1576.3346496540507,1577.3343782517904,1577.3385942706072,1578.3383509171972,1578.341082322192,1581.8408425242706,,
157,,13.00,0,5.41,0.542801564958889,2,1,n,13.00,2,"[0.35, 0]","[0.35, 0.1]","[0.35, -0.1]","[-0.35, 0]","[0.35, 0.15]","[0.35, -0.15]",,,1581.8544157977449,1582.8838026972726,1582.8864823501617,1583.8862559840845,1583.890142527668,1584.8897395723461,1584.8923963120897,1588.3921869333444,,
158,,28.02,0,11.98,0.499635755720324,2,0,v,11.98,2,"[0.35, 0]","[0.35, 0.1]","[0.35, -0.1]","[-0.35, 0]","[0.35, 0.15]","[0.35, -0.15]",,,1588.4067901132148,1589.4756472766148,1589.4782834735379,1590.4781550809112,1590.4812542814007,1591.481123518448,1591.4840548208867,1594.9840236116015,,
159,,23.29,0,11.24,0.301899358775331,1,0,n,11.24,1,"[-0.35, 0]","[-0.35, 0.1]","[-0.35, -0.1]","[0.35, 0]","[-0.35, 0.15]","[-0.35, -0.15]",,,1594.9966495450162,1595.92351868488,1595.9261402647971,1596.9260399210207,1596.929108702334,1597.9289913712255,1597.9319013407348,1601.4314154240237,,
160,,21.34,0,10.25,0.308927738743347,1,1,v,21.34,1,"[-0.35, 0]","[-0.35, 0.1]","[-0.35, -0.1]","[0.35, 0]","[-0.35, 0.15]","[-0.35, -0.15]",,,1601.4469932026968,1603.1554886070307,1603.1581410011786,1604.1578968576596,1604.1620441370396,1605.1618983620265,1605.1646439889737,1608.6642856747803,,
161,,20.76,0,7.51,0.7354439565729,1,0,n,7.51,1,"[-0.35, 0]","[-0.35, 0.1]","[-0.35, -0.1]","[0.35, 0]","[-0.35, 0.15]","[-0.35, -0.15]",,,1608.680727832124,1609.5472366351178,1609.5499866076616,1610.549766957506,1610.5531217580865,1611.5527405307475,1611.5553131239394,1614.5551914472344,,
162,,5.18,0,2.15,0.545810304564225,2,0,v,2.15,2,"[0.35, 0]","[0.35, 0.1]","[0.35, -0.1]","[-0.35, 0]","[0.35, 0.15]","[0.35, -0.15]",,,1614.570852582351,1616.3951348280607,1616.3978749242488,1617.3976220895365,1617.4013857712525,1618.4011076530696,1618.4039382166784,1621.903536446519,,
163,,16.53,0,7.26,0.455247831298831,2,0,n,7.26,1,"[-0.35, 0]","[-0.35, 0.1]","[-0.35, -0.1]","[0.35, 0]","[-0.35, 0.15]","[-0.35, -0.15]",,,1621.9167427146076,1622.8990644325559,1622.9017950474426,1623.90152720067,1623.9046931653247,1624.904483391525,1624.9072116360858,1628.4069070492687,,
164,,13.93,0,9.04,0.0364952863055185,0,0,n,9.04,1,"[-0.35, 0]","[-0.35, 0.1]","[-0.35, -0.1]","[0.35, 0]","[-0.35, 0.15]","[-0.35, -0.15]",,,1628.4210681634486,1629.5068411542225,1629.5092027884511,1630.5088875351703,1630.5118816512322,1631.5118828363948,1631.5145968590032,1635.0142966177827,,
165,,4.05,0,3.73,0.0008707639312529,0,0,v,3.73,2,"[0.35, 0]","[0.35, 0.1]","[0.35, -0.1]","[-0.35, 0]","[0.35, 0.15]","[0.35, -0.15]",,,1635.0290341160944,1636.9627357189875,1636.9655840600362,1637.965213499161,1637.9688851332403,1638.9687658268604,1638.971082424906,1642.4706735437712,,
166,,7.49,0,3.52,0.343514752993824,1,0,n,3.52,1,"[-0.35, 0]","[-0.35, 0.1]","[-0.35, -0.1]","[0.35, 0]","[-0.35, 0.15]","[-0.35, -0.15]",,,1642.4859585872546,1643.554692098678,1643.5573836031954,1644.5570845471375,1644.5610967179682,1645.5611026437819,1645.5638154812277,1648.5635689673836,,
167,,14.65,0,7.26,0.262724640508512,1,1,v,14.65,1,"[-0.35, 0]","[-0.35, 0.1]","[-0.35, -0.1]","[0.35, 0]","[-0.35, 0.15]","[-0.35, -0.15]",,,1648.579522047582,1650.034468087124,1650.0367412292035,1651.0364785181364,1651.0406633276689,1652.04044249235,1652.043280166934,1655.5428922236733,,
168,,15.15,0,1.63,0.995687452269711,0,1,v,0,1,"[-0.35, 0]","[-0.35, 0.1]","[-0.35, -0.1]","[0.35, 0]","[-0.35, 0.15]","[-0.35, -0.15]",,,1655.5563220924605,1658.290351432348,1658.2925736124316,1659.292361468306,1659.2963874660354,1660.296306479917,1660.2992176345888,1663.7987411991799,,
169,,26.81,0,10.34,0.657294173301884,1,1,n,0,2,"[0.35, 0]","[0.35, 0.1]","[0.35, -0.1]","[-0.35, 0]","[0.35, 0.15]","[0.35, -0.15]",,,1663.8125748133962,1664.970239379165,1664.9728289596878,1665.9726962214645,1665.9768312541628,1666.9766906148543,1666.9795215735166,1670.4791186181956,,
170,,4.61,0,2.83,0.0586181485867294,0,0,n,2.83,1,"[-0.35, 0]","[-0.35, 0.1]","[-0.35, -0.1]","[0.35, 0]","[-0.35, 0.15]","[-0.35, -0.15]",,,1670.494005447008,1671.8101341683205,1671.8127837970878,1672.81256770242,1672.8155282388725,1673.8155428558784,1673.8178250842057,1676.8174873128337,,
171,,24.57,0,9.42,0.664240386224291,1,1,n,24.57,2,"[0.35, 0]","[0.35, 0.1]","[0.35, -0.1]","[-0.35, 0]","[0.35, 0.15]","[0.35, -0.15]",,,1676.8335012313846,1678.1059484106572,1678.1085771015505,1679.1084305364284,1679.112857119154,1680.1124423122055,1680.1153226526476,1683.1148754512506,,
172,,18.77,0,0.93,0.998741670316398,0,1,v,0,1,"[-0.35, 0]","[-0.35, 0.1]","[-0.35, -0.1]","[0.35, 0]","[-0.35, 0.15]","[-0.35, -0.15]",,,1683.1298132420598,1684.4098664005587,1684.41275227176,1685.412328378563,1685.416391906445,1686.4163057846217,1686.4189806968598,1689.4187689477894,,
173,,15.29,0,6.51,0.50603341209311,2,1,n,15.29,2,"[0.35, 0]","[0.35, 0.1]","[0.35, -0.1]","[-0.35, 0]","[0.35, 0.15]","[0.35, -0.15]",,,1689.434994220357,1690.6258295151347,1690.6283902566984,1691.6282101119668,1691.6312856092018,1692.631212129113,1692.633605762735,1695.6331838448104,,
174,,11.38,0,8.50,0.0094674189754847,0,0,v,8.50,2,"[0.35, 0]","[0.35, 0.1]","[0.35, -0.1]","[-0.35, 0]","[0.35, 0.15]","[0.35, -0.15]",,,1695.649725160768,1697.161653823454,1697.1642090342584,1698.1641237025433,1698.1675594892422,1699.167573316141,1699.1704805202708,1702.6700115908916,,
175,,10.29,0,6.55,0.0432717771976318,0,0,n,6.55,1,"[-0.35, 0]","[-0.35, 0.1]","[-0.35, -0.1]","[0.35, 0]","[-0.35, 0.15]","[-0.35, -0.15]",,,1702.6858753888328,1704.0655015727107,1704.068213224994,1705.0679449831669,1705.0712547475641,1706.070929222873,1706.0734390024409,1709.573423595326,,
176,,23.27,0,9.79,0.52617153348078,2,0,v,9.79,2,"[0.35, 0]","[0.35, 0.1]","[0.35, -0.1]","[-0.35, 0]","[0.35, 0.15]","[0.35, -0.15]",,,1709.588961078467,1710.649360130653,1710.6522926182533,1711.652362937908,1711.655776996624,1712.65584376079,1712.6587695324697,1715.658779803879,,
177,,16.44,0,6.12,0.703441763665672,1,0,n,6.12,1,"[-0.35, 0]","[-0.35, 0.1]","[-0.35, -0.1]","[0.35, 0]","[-0.35, 0.15]","[-0.35, -0.15]",,,1715.674551159129,1716.7692610668519,1716.7720375080298,1717.7717574145754,1717.774784715194,1718.7746989884245,1718.7774801702526,1722.2771234362772,,
178,,14.34,0,6.01,0.532556601999279,2,0,v,6.01,2,"[0.35, 0]","[0.35, 0.1]","[0.35, -0.1]","[-0.35, 0]","[0.35, 0.15]","[0.35, -0.15]",,,1722.2921556450483,1723.5291154972665,1723.5317860639088,1724.5315944626036,1724.5350053608863,1725.5345715913336,1725.537403340105,1728.536983397451,,
179,,27.21,0,9.86,0.734223145454452,1,0,v,9.86,2,"[0.35, 0]","[0.35, 0.1]","[0.35, -0.1]","[-0.35, 0]","[0.35, 0.15]","[0.35, -0.15]",,,1728.553342988459,1729.5770079224176,1729.5796484649381,1730.5794738509649,1730.5825623849896,1731.5824482143153,1731.5852056928898,1734.5849619444252,,
180,,23.00,0,8.58,0.699713585966628,1,0,v,8.58,2,"[0.35, 0]","[0.35, 0.1]","[0.35, -0.1]","[-0.35, 0]","[0.35, 0.15]","[0.35, -0.15]",,,1734.5999882273836,1735.4889803571132,1735.4917176879217,1736.491345941885,1736.4947513094075,1737.4943376876217,1737.4971129436362,1740.9967554195518,,
181,,1.64,0,8.45,8.21609006177163e-07,0,0,v,8.45,2,"[0.35, 0]","[0.35, 0.1]","[0.35, -0.1]","[-0.35, 0]","[0.35, 0.15]","[0.35, -0.15]",,,1741.011648964287,1742.696847230156,1742.6996489548055,1743.6992614065985,1743.703125432091,1744.7027066745995,1744.7055056338686,1747.705139418591,,
182,,14.38,0,6.78,0.338445059170512,1,1,n,14.38,2,"[0.35, 0]","[0.35, 0.1]","[0.35, -0.1]","[-0.35, 0]","[0.35, 0.15]","[0.35, -0.15]",,,1747.7208926013454,1749.8886745061227,1749.8913521837412,1750.8910922380537,1750.895385292447,1751.895064508407,1751.897823172143,1755.3975189803814,,
183,,3.14,0,1.52,0.294043484998542,1,0,v,1.52,2,"[0.35, 0]","[0.35, 0.1]","[0.35, -0.1]","[-0.35, 0]","[0.35, 0.15]","[0.35, -0.15]",,,1755.4137422776776,1756.856456252879,1756.8591003508873,1757.8589526006026,1757.8626807274377,1758.862449225654,1758.8650099672186,1761.864904092683,,
184,,23.21,0,8.47,0.726854180265604,1,1,n,23.21,2,"[0.35, 0]","[0.35, 0.1]","[0.35, -0.1]","[-0.35, 0]","[0.35, 0.15]","[0.35, -0.15]",,,1761.8795451977603,1763.144367435205,1763.1471264939964,1764.146867338417,1764.1510892830474,1765.150812350028,1765.1531708238226,1768.1527599674164,,
185,,15.17,0,1.22,0.997516683679355,0,1,v,15.17,1,"[-0.35, 0]","[-0.35, 0.1]","[-0.35, -0.1]","[0.35, 0]","[-0.35, 0.15]","[-0.35, -0.15]",,,1768.1686198148145,1769.6162893503652,1769.6188528573093,1770.618699181211,1770.6227271542111,1771.622720043235,1771.6255928776463,1774.6251405405446,,
186,,21.27,0,10.44,0.276540373743496,1,0,n,10.44,1,"[-0.35, 0]","[-0.35, 0.1]","[-0.35, -0.1]","[0.35, 0]","[-0.35, 0.15]","[-0.35, -0.15]",,,1774.6406041485434,1776.8480973002788,1776.8511313168183,1777.8510803548224,1777.8544300196972,1778.8540574835524,1778.8571080923703,1782.356996292021,,
187,,20.91,0,9.09,0.472924777880958,2,0,v,9.09,2,"[0.35, 0]","[0.35, 0.1]","[0.35, -0.1]","[-0.35, 0]","[0.35, 0.15]","[0.35, -0.15]",,,1782.3687345385651,1784.8479716730308,1784.8507943355544,1785.8504095527278,1785.8540898779993,1786.8538884003383,1786.8567884934928,1789.8563254899263,,
188,,8.22,0,3.47,0.521802674084642,2,0,v,3.47,2,"[0.35, 0]","[0.35, 0.1]","[0.35, -0.1]","[-0.35, 0]","[0.35, 0.15]","[0.35, -0.15]",,,1789.8719443542404,1792.255886505659,1792.258438951084,1793.2582955463959,1793.2612248735632,1794.261277415777,1794.2637425542152,1797.763691987273,,
189,,21.41,0,7.77,0.733003547261729,1,1,n,0,2,"[0.35, 0]","[0.35, 0.1]","[0.35, -0.1]","[-0.35, 0]","[0.35, 0.15]","[0.35, -0.15]",,,1797.7800788370241,1798.9676900941731,1798.9704538936148,1799.9701536523953,1799.9747939594627,1800.9746387031473,1800.977465316213,1803.9771006811525,,
190,,9.83,0,3.65,0.706385165857026,1,1,v,9.83,1,"[-0.35, 0]","[-0.35, 0.1]","[-0.35, -0.1]","[0.35, 0]","[-0.35, 0.15]","[-0.35, -0.15]",,,1803.9886117715105,1805.9596234817081,1805.9623853058793,1806.962034892771,1806.9661268645577,1807.9660047927982,1807.9689025156267,1810.9684450428203,,
191,,20.75,0,4.62,0.965356419160376,0,1,v,20.75,1,"[-0.35, 0]","[-0.35, 0.1]","[-0.35, -0.1]","[0.35, 0]","[-0.35, 0.15]","[-0.35, -0.15]",,,1810.983421943999,1812.8394586492777,1812.8420790440323,1813.8418917883237,1813.8460730423685,1814.8458940827986,1814.848824990183,1818.3488214346953,,
192,,3.55,0,6.13,1.73683143789672e-05,0,0,v,6.13,2,"[0.35, 0]","[0.35, 0.1]","[0.35, -0.1]","[-0.35, 0]","[0.35, 0.15]","[0.35, -0.15]",,,1818.3656219062314,1819.4713107662556,1819.4739331362807,1820.473763658013,1820.4770331268783,1821.4767380213634,1821.479461525273,1824.9791869625778,,
193,,0.56,0,0.24,0.518973496307978,2,0,v,0.24,2,"[0.35, 0]","[0.35, 0.1]","[0.35, -0.1]","[-0.35, 0]","[0.35, 0.15]","[0.35, -0.15]",,,1824.994026384883,1827.631110600175,1827.6338803254303,1828.633629861044,1828.6366903462176,1829.6365986936353,1829.6395070829276,1833.1390235365416,,
194,,18.52,0,7.95,0.492977944898046,2,1,n,0,2,"[0.35, 0]","[0.35, 0.1]","[0.35, -0.1]","[-0.35, 0]","[0.35, 0.15]","[0.35, -0.15]",,,1833.1558299338922,1836.407038997384,1836.4096957371275,1837.4094429024162,1837.4136901305183,1838.4134637644402,1838.4162698346854,1841.4158570030086,,
195,,27.72,0,7.70,0.916064563504384,0,1,v,0,1,"[-0.35, 0]","[-0.35, 0.1]","[-0.35, -0.1]","[0.35, 0]","[-0.35, 0.15]","[-0.35, -0.15]",,,1841.4308489162477,1843.262924791945,1843.265683455682,1844.2653338326818,1844.2694819021708,1845.269332571669,1845.2719762746228,1848.2717159338808,,
196,,15.57,0,7.54,0.296439121429935,1,0,v,7.54,2,"[0.35, 0]","[0.35, 0.1]","[0.35, -0.1]","[-0.35, 0]","[0.35, 0.15]","[0.35, -0.15]",,,1848.2871242342862,1850.1747190571796,1850.1776645815708,1851.1776847293368,1851.1810422952967,1852.1806515866565,1852.1832676358135,1855.68308828119,,
197,,8.03,0,3.87,0.304063678102426,1,1,n,8.03,2,"[0.35, 0]","[0.35, 0.1]","[0.35, -0.1]","[-0.35, 0]","[0.35, 0.15]","[0.35, -0.15]",,,1855.6983835960837,1856.8946785404169,1856.8972274303542,1857.897077704798,1857.9005893419107,1858.900541540348,1858.903421090682,1861.9030031232987,,
198,,28.50,0,11.88,0.540826792437116,2,0,n,11.88,1,"[-0.35, 0]","[-0.35, 0.1]","[-0.35, -0.1]","[0.35, 0]","[-0.35, 0.15]","[-0.35, -0.15]",,,1861.917180039648,1862.7265410868258,1862.7291259266985,1863.728940251207,1863.7322101151267,1864.731943848571,1864.7346183657555,1867.7343951601115,,
199,,21.43,0,5.46,0.941263081940894,0,1,v,0,1,"[-0.35, 0]","[-0.35, 0.1]","[-0.35, -0.1]","[0.35, 0]","[-0.35, 0.15]","[-0.35, -0.15]",,,1867.7509850677397,1869.0783416255217,1869.0809991553742,1870.0808257265644,1870.0850761150996,1871.0848217001712,1871.0875021431693,1874.0872955298037,,
200,,11.41,0,1.50,0.993155031114579,0,0,n,1.50,1,"[-0.35, 0]","[-0.35, 0.1]","[-0.35, -0.1]","[0.35, 0]","[-0.35, 0.15]","[-0.35, -0.15]",,,1874.1022811221756,1875.5342215732799,1875.5368688317221,1876.5367155506783,1876.5398988977195,1877.5397112469573,1877.5427713370773,1880.542620821413,,
201,,25.42,0,10.87,0.499915445949044,2,0,n,10.87,1,"[-0.35, 0]","[-0.35, 0.1]","[-0.35, -0.1]","[0.35, 0]","[-0.35, 0.15]","[-0.35, -0.15]",,,1880.5571592123888,1882.1580691013069,1882.1610197614036,1883.1605701896815,1883.164173874431,1884.1640612839738,1884.1669198964328,1887.1665114103516,,
202,,0.60,0,8.99,2.39636210449531e-07,0,0,n,8.99,1,"[-0.35, 0]","[-0.35, 0.1]","[-0.35, -0.1]","[0.35, 0]","[-0.35, 0.15]","[-0.35, -0.15]",,,1887.1758568133819,1889.198053725796,1889.2006650343028,1890.2004268165974,1890.2038460110189,1891.203449376565,1891.2064881337565,1894.7063976663358,,
203,,22.11,0,9.29,0.528961907529489,2,0,n,9.29,1,"[-0.35, 0]","[-0.35, 0.1]","[-0.35, -0.1]","[0.35, 0]","[-0.35, 0.15]","[-0.35, -0.15]",,,1894.7218968292154,1896.2539009630636,1896.2565533572106,1897.2563593855803,1897.259788851412,1898.2598062337984,1898.2627237093384,1901.7622528046877,,
204,,18.34,0,6.73,0.719615325571106,1,0,n,6.73,1,"[-0.35, 0]","[-0.35, 0.1]","[-0.35, -0.1]","[0.35, 0]","[-0.35, 0.15]","[-0.35, -0.15]",,,1901.7773995791886,1903.845689839758,1903.848308259241,1904.848164854553,1904.851428002551,1905.8511407981205,1905.8540187682365,1908.8535707767323,,
205,,22.74,0,8.36,0.718073057275081,1,1,n,22.74,2,"[0.35, 0]","[0.35, 0.1]","[0.35, -0.1]","[-0.35, 0]","[0.35, 0.15]","[0.35, -0.15]",,,1908.8694665740659,1910.4776320291012,1910.4803172127504,1911.4800462055437,1911.4844356531712,1912.4840421791514,1912.4869434574675,1915.4864543803224,,
206,,15.62,0,7.66,0.278604226668251,1,0,v,7.66,2,"[0.35, 0]","[0.35, 0.1]","[0.35, -0.1]","[-0.35, 0]","[0.35, 0.15]","[0.35, -0.15]",,,1915.5027590587915,1917.157437014528,1917.1599752380007,1918.1599313869801,1918.1633047551104,1919.1628757262088,1919.1653918266438,1922.16538116018,,
207,,26.88,0,11.70,0.47042760910202,2,0,n,11.70,1,"[-0.35, 0]","[-0.35, 0.1]","[-0.35, -0.1]","[0.35, 0]","[-0.35, 0.15]","[-0.35, -0.15]",,,1922.1822685436482,1923.8133001329752,1923.815581966248,1924.81530147774,1924.8180482898497,1925.8177855787826,1925.8208045832616,1928.8207243872512,,
208,,15.13,0,6.42,0.513113915367432,2,1,n,15.13,2,"[0.35, 0]","[0.35, 0.1]","[0.35, -0.1]","[-0.35, 0]","[0.35, 0.15]","[0.35, -0.15]",,,1928.8370867436388,1930.5491332905094,1930.5513333475556,1931.5511784862947,1931.5559657535387,1932.5556177107555,1932.55848896495,1936.0580662569164,,
209,,7.55,0,3.14,0.544798544835545,2,0,n,3.14,1,"[-0.35, 0]","[-0.35, 0.1]","[-0.35, -0.1]","[0.35, 0]","[-0.35, 0.15]","[-0.35, -0.15]",,,1936.0741216561628,1937.9732410012575,1937.975751965988,1938.9755797223406,1938.978467963867,1939.9784995682057,1939.981104950899,1943.480945348987,,
210,,17.73,0,10.49,0.0797550707018724,0,0,n,10.49,1,"[-0.35, 0]","[-0.35, 0.1]","[-0.35, -0.1]","[0.35, 0]","[-0.35, 0.15]","[-0.35, -0.15]",,,1943.496141900322,1944.7969911089094,1944.799467308867,1945.7993910633995,1945.8021576282208,1946.8018806952005,1946.8048570338224,1950.3048092322597,,
211,,24.93,0,10.42,0.53589350843836,2,1,v,24.93,1,"[-0.35, 0]","[-0.35, 0.1]","[-0.35, -0.1]","[0.35, 0]","[-0.35, 0.15]","[-0.35, -0.15]",,,1950.3183753947578,1951.8207370289865,1951.8229572337987,1952.8227762989582,1952.826254751515,1953.8262472454844,1953.8290469948624,1957.3286807795848,,
212,,13.82,0,5.87,0.509545751875669,2,1,n,0,2,"[0.35, 0]","[0.35, 0.1]","[0.35, -0.1]","[-0.35, 0]","[0.35, 0.15]","[0.35, -0.15]",,,1957.343999797732,1958.5327784401525,1958.535698681072,1959.5356275713093,1959.5396950497334,1960.5396105081272,1960.5421989034876,1963.542054313637,,
213,,22.78,0,9.60,0.52268647299575,2,0,n,9.60,1,"[-0.35, 0]","[-0.35, 0.1]","[-0.35, -0.1]","[0.35, 0]","[-0.35, 0.15]","[-0.35, -0.15]",,,1963.558735478794,1965.1485214305076,1965.1513211798847,1966.1510248892073,1966.1542078411949,1967.15401347451,1967.1567207811959,1970.1564679464846,,
214,,18.30,0,3.53,0.979193318119439,0,1,v,18.30,1,"[-0.35, 0]","[-0.35, 0.1]","[-0.35, -0.1]","[0.35, 0]","[-0.35, 0.15]","[-0.35, -0.15]",,,1970.1719287891037,1971.7404248729308,1971.7429548002647,1972.7429121344076,1972.7475729842954,1973.7473458281092,1973.7502672541914,1977.2497754116666,,
215,,16.86,0,7.28,0.482321462562411,2,1,v,0,1,"[-0.35, 0]","[-0.35, 0.1]","[-0.35, -0.1]","[0.35, 0]","[-0.35, 0.15]","[-0.35, -0.15]",,,1977.2653832144615,1979.300356971009,1979.302991587715,1980.3027810238073,1980.307214717509,1981.3072056312612,1981.3099208390322,1984.3096450911744,,
216,,22.06,0,9.15,0.549245769947139,2,0,n,9.15,1,"[-0.35, 0]","[-0.35, 0.1]","[-0.35, -0.1]","[0.35, 0]","[-0.35, 0.15]","[-0.35, -0.15]",,,1984.3251778336653,1986.0121475227334,1986.0146778451217,1987.0146110809555,1987.018008547394,1988.017622579404,1988.020144210599,1991.0200734958908,,
217,,26.39,0,11.05,0.533265413959778,2,1,v,0,1,"[-0.35, 0]","[-0.35, 0.1]","[-0.35, -0.1]","[0.35, 0]","[-0.35, 0.15]","[-0.35, -0.15]",,,1991.0364453335796,1993.3320071362596,1993.3345149405568,1994.3344853114886,1994.3385061735125,1995.3384394093464,1995.3411364446229,1998.8408934862673,,
218,,17.25,0,7.43,0.488446309934152,2,1,n,17.25,2,"[0.35, 0]","[0.35, 0.1]","[0.35, -0.1]","[-0.35, 0]","[0.35, 0.15]","[0.35, -0.15]",,,1998.8561923566485,2000.2918352560628,2000.294680831732,2001.294333579057,2001.29852589462,2002.298306639519,2002.3008472333167,2005.800753605463,,
219,,26.06,0,10.06,0.654838290706223,1,1,v,0,1,"[-0.35, 0]","[-0.35, 0.1]","[-0.35, -0.1]","[0.35, 0]","[-0.35, 0.15]","[-0.35, -0.15]",,,2005.8178318001283,2006.731803604317,2006.7346310074909,2007.7342300274404,2007.7383942941524,2008.7382200752345,2008.7407093119818,2011.7406733620464,,
220,,10.94,0,1.29,0.994729074605972,0,1,v,0,1,"[-0.35, 0]","[-0.35, 0.1]","[-0.35, -0.1]","[0.35, 0]","[-0.35, 0.15]","[-0.35, -0.15]",,,2011.7557154471742,2013.6756533604503,2013.677974699147,2014.677595842133,2014.6817387759165,2015.6815799641136,2015.6840640651553,2018.6840237696233,,
221,,24.74,0,10.58,0.500041923470843,2,1,n,24.74,2,"[0.35, 0]","[0.35, 0.1]","[0.35, -0.1]","[-0.35, 0]","[0.35, 0.15]","[0.35, -0.15]",,,2018.7008388581671,2020.6595193454114,2020.662218751013,2021.66195841027,2021.6659966546813,2022.6659642602335,2022.6685265820142,2026.168362239452,,
222,,26.00,0,9.68,0.702967709587367,1,1,n,0,2,"[0.35, 0]","[0.35, 0.1]","[0.35, -0.1]","[-0.35, 0]","[0.35, 0.15]","[0.35, -0.15]",,,2026.1851646862597,2027.5553131239394,2027.557830409537,2028.5578181628562,2028.562217091785,2029.5618010996732,2029.5646834153858,2032.5642626826238,,
223,,23.80,0,11.30,0.326967839437984,1,1,v,23.80,1,"[-0.35, 0]","[-0.35, 0.1]","[-0.35, -0.1]","[0.35, 0]","[-0.35, 0.15]","[-0.35, -0.15]",,,2032.5783791556742,2033.9952233992208,2033.997862756578,2034.9977165865103,2035.0021281571753,2036.0016789805077,2036.0042160188177,2039.504130292048,,
224,,6.49,0,2.79,0.489070139707208,2,1,v,0,1,"[-0.35, 0]","[-0.35, 0.1]","[-0.35, -0.1]","[0.35, 0]","[-0.35, 0.15]","[-0.35, -0.15]",,,2039.5201363095139,2041.2671084163148,2041.2697596252992,2042.2695573575302,2042.2738598932247,2043.27355175092,2043.2763791540947,2046.7759619768203,,
225,,14.51,0,7.03,0.295341914712725,1,1,n,14.51,2,"[0.35, 0]","[0.35, 0.1]","[0.35, -0.1]","[-0.35, 0]","[0.35, 0.15]","[0.35, -0.15]",,,2046.7909305818594,2048.0190187010776,2048.0215415174353,2049.0214542104486,2049.0255773915205,2050.025440702754,2050.028003024536,2053.027862780281,,
226,,7.72,0,3.35,0.474912859764986,2,1,v,7.72,1,"[-0.35, 0]","[-0.35, 0.1]","[-0.35, -0.1]","[0.35, 0]","[-0.35, 0.15]","[-0.35, -0.15]",,,2053.0390040998727,2054.3309191568915,2054.333520193987,2055.3333143707305,2055.3374328111504,2056.337296912493,2056.3397545449016,2059.3397794333187,,
227,,28.00,0,0.75,0.999268509756789,0,1,v,28.00,1,"[-0.35, 0]","[-0.35, 0.1]","[-0.35, -0.1]","[0.35, 0]","[-0.35, 0.15]","[-0.35, -0.15]",,,2059.3548756408773,2060.2987222365764,2060.301482085476,2061.3011771036045,2061.3056799317983,2062.305690598262,2062.3084393856434,2065.3081355889353,,
228,,22.66,0,8.64,0.672488836242304,1,1,n,0,2,"[0.35, 0]","[0.35, 0.1]","[0.35, -0.1]","[-0.35, 0]","[0.35, 0.15]","[0.35, -0.15]",,,2065.3242241727366,2066.9306047727296,2066.9333689672258,2067.9330604298666,2067.9375099257377,2068.9375802453924,2068.940161134722,2072.440013779492,,
229,,24.05,0,9.99,0.546516776786751,2,1,n,0,2,"[0.35, 0]","[0.35, 0.1]","[0.35, -0.1]","[-0.35, 0]","[0.35, 0.15]","[0.35, -0.15]",,,2072.4497111758474,2073.49844941212,2073.501410343626,2074.5014518243215,2074.506041169392,2075.5059578129485,2075.508332483967,2078.5079002946313,,
230,,8.17,0,3.16,0.651139925556909,1,0,n,3.16,1,"[-0.35, 0]","[-0.35, 0.1]","[-0.35, -0.1]","[0.35, 0]","[-0.35, 0.15]","[-0.35, -0.15]",,,2078.52281280197,2079.7464565610217,2079.7491532012427,2080.7488640215415,2080.752153638173,2081.751789793221,2081.7546709237713,2084.7543106343073,,
231,,24.75,0,10.30,0.544146987923588,2,0,n,10.30,1,"[-0.35, 0]","[-0.35, 0.1]","[-0.35, -0.1]","[0.35, 0]","[-0.35, 0.15]","[-0.35, -0.15]",,,2084.76919746312,2086.0583028944047,2086.061130692633,2087.0606977131893,2087.063781506563,2088.063728174241,2088.066365161273,2091.566125758405,,
232,,18.45,0,7.69,0.540809065467145,2,0,n,7.69,1,"[-0.35, 0]","[-0.35, 0.1]","[-0.35, -0.1]","[0.35, 0]","[-0.35, 0.15]","[-0.35, -0.15]",,,2091.5808996017067,2092.3301464308033,2092.332827268856,2093.332587865988,2093.335709979623,2094.335565784827,2094.337967319533,2097.337527229113,,
233,,24.43,0,9.15,0.695563751442417,1,0,n,9.15,1,"[-0.35, 0]","[-0.35, 0.1]","[-0.35, -0.1]","[0.35, 0]","[-0.35, 0.15]","[-0.35, -0.15]",,,2097.352704817845,2098.47404493663,2098.4768170322104,2099.4764800509465,2099.4799509974728,2100.4799537628523,2100.482550059298,2103.4824212716167,,
234,,10.07,0,4.21,0.535795478551797,2,1,n,10.07,2,"[0.35, 0]","[0.35, 0.1]","[0.35, -0.1]","[-0.35, 0]","[0.35, 0.15]","[0.35, -0.15]",,,2103.497549873622,2104.4978607813073,2104.500821317759,2105.500854897369,2105.504598826373,2106.5043361153057,2106.5069023876285,2109.5067815010325,,
235,,26.21,0,11.39,0.47254215528216,2,1,v,26.21,1,"[-0.35, 0]","[-0.35, 0.1]","[-0.35, -0.1]","[0.35, 0]","[-0.35, 0.15]","[-0.35, -0.15]",,,2109.522746432858,2110.7538231373783,2110.756531234173,2111.7562341533867,2111.760989026184,2112.7607433024477,2112.7634241405003,2116.263207650779,,
236,,13.95,0,1.64,0.99480812602114,0,1,v,13.95,1,"[-0.35, 0]","[-0.35, 0.1]","[-0.35, -0.1]","[0.35, 0]","[-0.35, 0.15]","[-0.35, -0.15]",,,2116.279528526472,2117.561650584009,2117.564135870214,2118.564113352122,2118.567715061601,2119.567594175004,2119.570399850196,2122.570032054701,,
237,,9.33,0,4.43,0.329547948379373,1,1,v,9.33,1,"[-0.35, 0]","[-0.35, 0.1]","[-0.35, -0.1]","[0.35, 0]","[-0.35, 0.15]","[-0.35, -0.15]",,,2122.585269296622,2125.665448714454,2125.6676736599165,2126.6674607256828,2126.6710979900436,2127.6709443139453,2127.6737768528246,2130.6733644162005,,
238,,9.85,0,4.68,0.32504491680267,1,1,n,0,2,"[0.35, 0]","[0.35, 0.1]","[0.35, -0.1]","[-0.35, 0]","[0.35, 0.15]","[0.35, -0.15]",,,2130.6897643027414,2132.6253396478805,2132.627871550485,2133.6278494274484,2133.6314424457332,2134.6313180036486,2134.6340727168435,2138.133749957532,,
239,,8.27,0,3.43,0.549917424652662,2,0,v,3.43,2,"[0.35, 0]","[0.35, 0.1]","[0.35, -0.1]","[-0.35, 0]","[0.35, 0.15]","[0.35, -0.15]",,,2138.148212498094,2139.4092177215016,2139.411841671743,2140.411771352089,2140.41463668047,2141.4146635441584,2141.4171006337465,2144.4166558026755,,
240,,16.99,0,3.91,0.960750252868496,0,0,n,3.91,1,"[-0.35, 0]","[-0.35, 0.1]","[-0.35, -0.1]","[0.35, 0]","[-0.35, 0.15]","[-0.35, -0.15]",,,2144.4323398509387,2146.0170900462927,2146.020017793243,2147.020105495284,2147.0234433085316,2148.0230573405424,2148.025850373998,2151.5254881092624,,
,,,,,,,,,,,,,,,,,2151.5289076987383,2245.8233080419614,,,,,,,,,,
,,,,,,,,,,,,,,,,,2245.826487043407,2248.927163060217,,,,,,,,,,
