bestRho,bestMu,bestNLL,trialNumber,gainValue,lossValue,safeValue,choiceKey,choiceMade,outcomeValue,choiceProbability,choiceDifficulty,choicePredicted,checkTrial,blockNumber,choiceLocation,riskSplitLocation,gainLocation,lossLocation,safeLocation,hideGainLocation,hideLossLocation,instrStart,instrEnd,instrTimeDur,choiceStart,choiceEnd,choiceTimeDur,isiStart,isiEnd,isiTimeDur,isiTimeSet,outcomeStart,outcomeEnd,ocTimeDur,outcomeTimeSet,itiStart,itiEnd,itiTimeDur,itiTimeSet
,,,,,,,,,,,,,,,,,,,,,,0.00445616600336507,1.863134249986615,1.85867808398325,,,,,,,,,,,,,,,
,,,,,,,,,,,,,,,,,,,,,,1.8876547910040244,2.4771269999910146,0.5894722089869902,,,,,,,,,,,,,,,
,,,1,18.23,0,9.45,n,1,0,,,,,,2,"[0.35, 0]","[0.35, 0.1]","[0.35, -0.1]","[-0.35, 0]","[0.35, 0.15]","[0.35, -0.15]",,,,2.494166666001547,3.0868995410273783,0.5927328750258312,3.089373875001911,4.093335791025311,1.0039619160233997,1,4.097241625015158,5.103520500008017,1.0062788749928586,1,5.105660374974832,8.11435533297481,3.008694957999978,3.0
,,,2,53.27,0,35.16,,,,,,,,,1,"[-0.35, 0]","[-0.35, 0.1]","[-0.35, -0.1]","[0.35, 0]","[-0.35, 0.15]","[-0.35, -0.15]",,,,8.12867558299331,,,12.140650666027796,13.149127083015628,1.0084764169878326,1,13.152998832985759,14.156159207981545,1.0031603749957867,1,14.158340415975545,17.660964582988527,3.502624167012982,3.5
,,,,,,,,,,,,,,,,,,,,,,17.680053249991033,23.641732249991037,5.961679000000004,,,,,,,,,,,,,,,
,,,1,15.96,0,10.02,n,0,10.02,,,,0,,1,"[-0.35, 0]","[-0.35, 0.1]","[-0.35, -0.1]","[0.35, 0]","[-0.35, 0.15]","[-0.35, -0.15]",,,,23.668508875009138,25.498733957996592,1.8302250829874538,25.506829583027866,26.514878416026477,1.008048832998611,1,26.518528458022047,27.526084874989465,1.007556416967418,1,27.528961625008378,31.03636558301514,3.507403958006762,3.5
,,,2,18.33,0,8.84,n,0,8.84,,,,0,,1,"[-0.35, 0]","[-0.35, 0.1]","[-0.35, -0.1]","[0.35, 0]","[-0.35, 0.15]","[-0.35, -0.15]",,,,31.05819904099917,32.01702933298657,0.9588302919873968,32.02151083300123,33.029023958020844,1.0075131250196137,1,33.03278170799604,34.04109537502518,1.0083136670291424,1,34.044799499970395,37.046394083008636,3.0015945830382407,3
1,201,2.9005131630251545e-11,,,,,,,,,,,,,,,,,,,,37.217880374984816,41.22400795802241,4.006127583037596,,,,,,,,,,,,,,,
,,,,,,,,,,,,,,,,,,,,,,41.243459124991205,43.6465919999755,2.403132874984294,,,,,,,,,,,,,,,
,,,1,14.50,0,2.29,v,0,2.29,0.1826437146702,1,0,,1,2,"[0.35, 0]","[0.35, 0.1]","[0.35, -0.1]","[-0.35, 0]","[0.35, 0.15]","[0.35, -0.15]",,,,43.676303083018865,44.1250907080248,0.4487876250059344,44.13420720800059,45.141334791027475,1.007127583026886,1,45.14560920797521,46.15229545801412,1.0066862500389107,1,46.15563375002239,49.16522608301602,3.009592332993634,3
,,,2,13.85,0,1.90,n,0,1.90,0.51602920242427,2,2,,1,1,"[-0.35, 0]","[-0.35, 0.1]","[-0.35, -0.1]","[0.35, 0]","[-0.35, 0.15]","[-0.35, -0.15]",,,,49.21363891597139,50.190280791022815,0.9766418750514276,50.19775545800803,51.204897041025106,1.0071415830170736,1,51.20890612498624,52.215598958020564,1.0066928330343217,1,52.21808283298742,55.721109958016314,3.5030271250288934,3.5
