,,,,,,,,,,,,,,,,,,,,,,0.005228708032518625,0.8934033749974333,,,,,,,,
,,,,,,,,,,,,,,,,,,,,,,0.9029604169772938,1.664123542024754,,,,,,,,
,,,1,,,,,,,,,,,,,,,,,,,,,,,,,,,,
,,,,,,,,,18.23,0,9.45,n,1,0,,,,,,,,,,,,,,,,,
,,,,,,,,,,,,,,,2,"[0.35, 0]","[0.35, 0.1]","[0.35, -0.1]","[-0.35, 0]","[0.35, 0.15]","[0.35, -0.15]",,,,,,,,,,
,,,,,,,,,,,,,,,,,,,,,,,,1.6876867079990916,3.0005258329911157,3.0098933749832213,4.009921166987624,4.013961041986477,5.013987125013955,5.018496625008993,8.018536208022851
,,,2,,,,,,,,,,,,,,,,,,,,,,,,,,,,
,,,,,,,,,53.27,0,35.16,v,1,53.27,,,,,,,,,,,,,,,,,
,,,,,,,,,,,,,,,1,"[-0.35, 0]","[-0.35, 0.1]","[-0.35, -0.1]","[0.35, 0]","[-0.35, 0.15]","[-0.35, -0.15]",,,,,,,,,,
,,,,,,,,,,,,,,,,,,,,,,,,8.042753542016726,8.405722208030056,8.409557999984827,9.409572249976918,9.416313167021144,10.416346416983288,10.420115582994185,13.920168625016231
,,,,,,,,,,,,,,,,,,,,,,13.94256450003013,14.949693125032354,,,,,,,,
,,,1,,,,0,,,,,,,,,,,,,,,,,,,,,,,,
,,,,,,,,,15.27,0,10.37,v,0,10.37,,,,,,,,,,,,,,,,,
,,,,,,,,,,,,,,,2,"[0.35, 0]","[0.35, 0.1]","[0.35, -0.1]","[-0.35, 0]","[0.35, 0.15]","[0.35, -0.15]",,,,,,,,,,
,,,,,,,,,,,,,,,,,,,,,,,,14.965063625015318,15.482940207992215,15.486297625000589,16.486337708018254,16.490028625004925,17.49007504200563,17.493500416981988,20.99355304200435
,,,2,,,,0,,,,,,,,,,,,,,,,,,,,,,,,
,,,,,,,,,22.97,0,6.51,n,0,6.51,,,,,,,,,,,,,,,,,
,,,,,,,,,,,,,,,1,"[-0.35, 0]","[-0.35, 0.1]","[-0.35, -0.1]","[0.35, 0]","[-0.35, 0.15]","[-0.35, -0.15]",,,,,,,,,,
,,,,,,,,,,,,,,,,,,,,,,,,21.00954574998468,21.37156254198635,21.376674917002674,22.37671074998798,22.38052066700766,23.380574667011388,23.384475708007812,26.384511917014606
1,201,3.719643365655236e-07,,,,,,,,,,,,,,,,,,,,,,,,,,,,,
,,,,,,,,,,,,,,,,,,,,,,30.56976816698443,31.642033541982528,,,,,,,,
,,,1,0.825935169661968,1,2,,1,,,,,,,,,,,,,,,,,,,,,,,
,,,,,,,,,6.03,0,0.68,n,1,0,,,,,,,,,,,,,,,,,
,,,,,,,,,,,,,,,2,"[0.35, 0]","[0.35, 0.1]","[0.35, -0.1]","[-0.35, 0]","[0.35, 0.15]","[0.35, -0.15]",,,,,,,,,,
,,,,,,,,,,,,,,,,,,,,,,,,31.668730375007726,32.25111133302562,32.253978958004154,33.25401249999413,33.26990483299596,34.26993054198101,34.27343770797597,37.27347708301386
,,,2,5.4767985122793e-08,0,1,,1,,,,,,,,,,,,,,,,,,,,,,,
,,,,,,,,,24.28,0,9.69,v,0,9.69,,,,,,,,,,,,,,,,,
,,,,,,,,,,,,,,,2,"[0.35, 0]","[0.35, 0.1]","[0.35, -0.1]","[-0.35, 0]","[0.35, 0.15]","[0.35, -0.15]",,,,,,,,,,
,,,,,,,,,,,,,,,,,,,,,,,,37.28733895800542,37.92727766698226,37.93513483298011,38.93515008297982,38.938063625013456,39.9381132919807,39.94100358302239,42.94103166699642
,,,1,0.540976284894803,2,2,,1,,,,,,,,,,,,,,,,,,,,,,,
,,,,,,,,,8.12,0,1.10,v,1,0,,,,,,,,,,,,,,,,,
,,,,,,,,,,,,,,,1,"[-0.35, 0]","[-0.35, 0.1]","[-0.35, -0.1]","[0.35, 0]","[-0.35, 0.15]","[-0.35, -0.15]",,,,,,,,,,
,,,,,,,,,,,,,,,,,,,,,,,,127.2392600000021,127.69052549998742,127.69565779197728,128.6956704169861,128.70043841702864,129.70047845802037,129.70325641700765,133.20331937499577
,,,2,0.851212961477057,1,1,,1,,,,,,,,,,,,,,,,,,,,,,,
,,,,,,,,,6.34,0,0.70,v,1,0,,,,,,,,,,,,,,,,,
,,,,,,,,,,,,,,,1,"[-0.35, 0]","[-0.35, 0.1]","[-0.35, -0.1]","[0.35, 0]","[-0.35, 0.15]","[-0.35, -0.15]",,,,,,,,,,
,,,,,,,,,,,,,,,,,,,,,,,,133.27434720803285,134.8184788330109,134.83072704199003,135.83076337497914,135.8378840420046,136.83790670800954,136.84209487499902,140.34223012498114
,,,,,,,,,,,,,,,,,,,,,,140.35358275001636,144.01792700000806,,,,,,,,
,,,,,,,,,,,,,,,,,,,,,,144.02778641699115,144.54262512503192,,,,,,,,
