,imageName,imageNumber,symmetrical,response,responseBinom,responseCorrect,solveSymRT,yesNoRT,trial,maxSymDisplay
1,/Users/Display/Desktop/Github/qvf/qvf_StudyA/qvf_StudyA_tasks\symspan/practiceSymBitmaps\pracsymm15.bmp,15,0.0,Yes,1,0,0.0,0.9713256565555639,0,7.974723750681722
2,/Users/Display/Desktop/Github/qvf/qvf_StudyA/qvf_StudyA_tasks\symspan/practiceSymBitmaps\pracsymm10.bmp,10,0.0,No,0,1,3.833023552189843,0.7561687268898822,1,7.974723750681722
3,/Users/Display/Desktop/Github/qvf/qvf_StudyA/qvf_StudyA_tasks\symspan/practiceSymBitmaps\pracsymm4.bmp,4,1.0,Yes,1,1,5.610191292653326,0.6040329356947041,2,7.974723750681722
4,/Users/Display/Desktop/Github/qvf/qvf_StudyA/qvf_StudyA_tasks\symspan/practiceSymBitmaps\pracsymm11.bmp,11,0.0,No,0,1,4.173471778180101,0.6439960858951963,3,7.974723750681722
5,/Users/Display/Desktop/Github/qvf/qvf_StudyA/qvf_StudyA_tasks\symspan/practiceSymBitmaps\pracsymm5.bmp,5,1.0,Yes,1,1,2.766627148994303,1.1001925054442836,4,7.974723750681722
6,/Users/Display/Desktop/Github/qvf/qvf_StudyA/qvf_StudyA_tasks\symspan/practiceSymBitmaps\pracsymm13.bmp,13,0.0,No,0,1,3.7260773569287267,0.5479902676706843,5,7.974723750681722
7,/Users/Display/Desktop/Github/qvf/qvf_StudyA/qvf_StudyA_tasks\symspan/practiceSymBitmaps\pracsymm3.bmp,3,1.0,Yes,1,1,6.2862622696047765,0.5559930898707535,6,7.974723750681722
8,/Users/Display/Desktop/Github/qvf/qvf_StudyA/qvf_StudyA_tasks\symspan/practiceSymBitmaps\pracsymm14.bmp,14,0.0,No,0,1,3.333889688416093,0.5154353969046497,7,7.974723750681722
9,/Users/Display/Desktop/Github/qvf/qvf_StudyA/qvf_StudyA_tasks\symspan/practiceSymBitmaps\pracsymm9.bmp,9,0.0,No,0,1,1.7740208117611473,0.4042661702769692,8,7.974723750681722
10,/Users/Display/Desktop/Github/qvf/qvf_StudyA/qvf_StudyA_tasks\symspan/practiceSymBitmaps\pracsymm12.bmp,12,0.0,No,0,1,4.878878008908941,0.5483572645025561,9,7.974723750681722
11,/Users/Display/Desktop/Github/qvf/qvf_StudyA/qvf_StudyA_tasks\symspan/practiceSymBitmaps\pracsymm1.bmp,1,1.0,Yes,1,1,2.3823842310666805,0.6603059149674664,10,7.974723750681722
12,/Users/Display/Desktop/Github/qvf/qvf_StudyA/qvf_StudyA_tasks\symspan/practiceSymBitmaps\pracsymm8.bmp,8,0.0,No,0,1,5.895200479430059,0.5000954033748712,11,7.974723750681722
13,/Users/Display/Desktop/Github/qvf/qvf_StudyA/qvf_StudyA_tasks\symspan/practiceSymBitmaps\pracsymm7.bmp,7,1.0,Yes,1,1,2.4945442306270706,0.37934712488277,12,7.974723750681722
14,/Users/Display/Desktop/Github/qvf/qvf_StudyA/qvf_StudyA_tasks\symspan/practiceSymBitmaps\pracsymm2.bmp,2,1.0,Yes,1,1,6.654443446739606,0.42008377324964385,13,7.974723750681722
15,/Users/Display/Desktop/Github/qvf/qvf_StudyA/qvf_StudyA_tasks\symspan/practiceSymBitmaps\pracsymm6.bmp,6,1.0,Yes,1,1,3.726127527643257,0.3238559397177596,14,7.974723750681722
